,seq_RSA-accpro,seq_RSA-accpro20,seq_SS-sspro,seq_SS-sspro8,seq_TM-tmhmm,seq_bulkiness-window5-biop,seq_kd_hydrophobicity-window7-biop,seq_predicted_carbonylated-carspred,seq_residue,seq_resnum,struct_ASA-dssp,struct_ASA_ALL-freesasa_het,struct_ASA_ALL-freesasa_nohet,struct_ASA_BACKBONE-freesasa_het,struct_ASA_BACKBONE-freesasa_nohet,struct_ASA_NONPOLAR-freesasa_het,struct_ASA_NONPOLAR-freesasa_nohet,struct_ASA_POLAR-freesasa_het,struct_ASA_POLAR-freesasa_nohet,struct_ASA_RESIDUE-freesasa_het,struct_ASA_RESIDUE-freesasa_nohet,struct_CA_DEPTH-msms,struct_PHI-dssp,struct_PSI-dssp,struct_RES_DEPTH-msms,struct_RSA-dssp,struct_RSA_ALL-freesasa_het,struct_RSA_ALL-freesasa_nohet,struct_RSA_BACKBONE-freesasa_het,struct_RSA_BACKBONE-freesasa_nohet,struct_RSA_NONPOLAR-freesasa_het,struct_RSA_NONPOLAR-freesasa_nohet,struct_RSA_POLAR-freesasa_het,struct_RSA_POLAR-freesasa_nohet,struct_RSA_RESIDUE-freesasa_het,struct_RSA_RESIDUE-freesasa_nohet,struct_SS-dssp,struct_residue,struct_resnum
0,e,85,C,C,I,inf,inf,"(False, 0.0)",M,1,0.0,0.0,0.0,0.0,0.0,0.0,0.0,0.0,0.0,0.0,0.0,3.2802834644673404,360.0,44.1,3.3861397652304,0.0,0.0,0.0,0.0,0.0,0.0,0.0,0.0,0.0,0.0,0.0,-,M,1
1,e,45,C,C,I,inf,inf,"(False, 0.0)",F,2,82.0,78.2,78.2,0.0,0.0,78.2,78.2,0.0,0.0,78.2,78.2,2.675220083567251,-157.7,-171.8,2.4895018264266318,0.4162436548223351,39.1,39.1,0.0,0.0,47.4,47.4,0.0,0.0,48.4,48.4,B,F,2
2,e,40,C,C,I,15.48,inf,"(False, 0.0)",S,3,48.0,51.9,51.9,28.32,28.32,21.74,21.74,30.16,30.16,23.59,23.59,1.9993745652455623,56.7,20.0,2.0395884818156884,0.3692307692307693,43.9,43.9,65.2,65.2,46.3,46.3,42.2,42.2,31.5,31.5,T,S,3
3,e,40,C,C,I,14.124,-0.9285714285714286,"(False, 0.0)",P,4,92.0,97.58,97.58,11.89,11.89,86.63,86.63,10.95,10.95,85.69,85.69,2.0001675504273626,-59.9,-73.4,1.8340753532519327,0.6764705882352942,71.1,71.1,43.2,43.2,71.5,71.5,68.0,68.0,78.1,78.1,T,P,4
4,e,45,C,C,I,13.02,-0.6571428571428573,"(False, 0.0)",Q,5,21.0,20.17,20.17,0.26,0.26,0.0,0.0,20.17,20.17,19.91,19.91,2.614823758654941,-68.3,163.3,2.1078128577978417,0.10606060606060606,11.3,11.3,0.6,0.6,0.0,0.0,15.3,15.3,14.5,14.5,T,Q,5
5,e,55,H,H,I,15.406,-1.7,"(False, 0.0)",S,6,95.0,87.46,87.46,21.07,21.07,49.92,49.92,37.54,37.54,66.39,66.39,1.999365298867724,-92.8,5.2,2.2409497419603097,0.7307692307692307,73.9,73.9,48.5,48.5,106.3,106.3,52.6,52.6,88.6,88.6,T,S,6
6,e,35,H,H,I,14.776,-2.042857142857143,"(False, 0.0)",R,7,66.0,63.31,63.31,0.67,0.67,24.4,24.4,38.91,38.91,62.64,62.64,2.6256392675297784,-169.5,-142.0,2.0182940944486307,0.2661290322580645,26.6,26.6,1.6,1.6,33.3,33.3,23.6,23.6,31.9,31.9,B,R,7
7,-,5,H,H,I,14.624,-1.557142857142857,"(False, 0.0)",L,8,98.0,100.16,100.16,2.6,2.6,97.75,97.75,2.4,2.4,97.55,97.55,1.9996263549164928,69.8,3.0,1.822095103302103,0.5975609756097561,55.8,55.8,6.5,6.5,68.7,68.7,6.5,6.5,69.8,69.8,S,L,8
8,e,30,H,H,I,15.029999999999998,-0.4571428571428572,"(False, 0.0)",R,9,84.0,80.82,80.82,11.47,11.47,19.0,19.0,61.82,61.82,69.35,69.35,1.999516459597125,-63.9,1.0,1.9217505467246192,0.3387096774193548,33.9,33.9,27.3,27.3,26.0,26.0,37.5,37.5,35.4,35.4,T,R,9
9,e,40,H,H,I,16.488,-0.08571428571428578,"(False, 0.0)",H,10,0.0,0.06,0.06,0.0,0.0,0.0,0.0,0.06,0.06,0.06,0.06,3.2829412508113838,-108.7,-117.9,3.423929714394498,0.0,0.0,0.0,0.0,0.0,0.0,0.0,0.1,0.1,0.0,0.0,T,H,10
10,-,10,H,H,I,14.508,0.0571428571428571,"(False, 0.0)",A,11,25.0,24.08,24.08,3.69,3.69,24.08,24.08,0.0,0.0,20.39,20.39,1.9997186803920233,9.2,-36.2,2.066895870515419,0.2358490566037736,22.1,22.1,8.4,8.4,33.9,33.9,0.0,0.0,31.5,31.5,T,A,11
11,-,0,H,H,I,13.988,-0.5857142857142857,"(False, 0.0)",V,12,53.0,53.47,53.47,2.36,2.36,52.35,52.35,1.12,1.12,51.11,51.11,1.999767243087192,-45.3,-47.3,2.2701937242702037,0.3732394366197183,35.2,35.2,5.7,5.7,45.5,45.5,3.0,3.0,46.3,46.3,H,V,12
12,-,5,H,H,I,14.404,0.4571428571428572,"(False, 0.0)",A,13,0.0,0.0,0.0,0.0,0.0,0.0,0.0,0.0,0.0,0.0,0.0,3.4292238751972515,-72.2,-39.7,3.4599377120456145,0.0,0.0,0.0,0.0,0.0,0.0,0.0,0.0,0.0,0.0,0.0,H,A,13
13,-,25,H,H,I,16.064,1.1714285714285713,"(False, 0.0)",D,14,39.0,31.97,31.97,0.06,0.06,14.04,14.04,17.94,17.94,31.91,31.91,2.2862382643317654,-62.9,-38.8,2.164181948108196,0.2392638036809816,22.4,22.4,0.1,0.1,33.0,33.0,17.9,17.9,31.8,31.8,H,D,14
14,-,5,H,H,I,14.05,1.1857142857142857,"(False, 0.0)",T,15,59.0,59.43,59.43,0.98,0.98,58.06,58.06,1.37,1.37,58.46,58.46,1.99982684442922,-61.8,-26.7,1.9700684622291216,0.4154929577464789,42.3,42.3,2.3,2.3,78.0,78.0,2.1,2.1,59.3,59.3,H,T,15
15,-,5,H,H,T,15.0,1.1857142857142857,"(False, 0.0)",F,16,29.0,29.31,29.31,0.0,0.0,29.31,29.31,0.0,0.0,29.31,29.31,4.153721159769634,-73.3,-81.0,3.2680922642005616,0.14720812182741114,14.7,14.7,0.0,0.0,17.8,17.8,0.0,0.0,18.2,18.2,H,F,16
16,-,5,H,H,T,16.978,1.5285714285714285,"(False, 0.0)",A,17,0.0,0.0,0.0,0.0,0.0,0.0,0.0,0.0,0.0,0.0,0.0,4.281960360892792,-55.0,-6.4,3.460374158971306,0.0,0.0,0.0,0.0,0.0,0.0,0.0,0.0,0.0,0.0,0.0,H,A,17
17,-,10,H,H,T,18.137999999999998,1.842857142857143,"(False, 0.0)",M,18,109.0,111.79,111.79,3.72,3.72,103.97,103.97,7.82,7.82,108.07,108.07,1.9997835006359137,-65.3,-73.4,2.0124100286865207,0.5797872340425532,57.9,57.9,8.9,8.9,88.4,88.4,10.4,10.4,71.5,71.5,H,M,18
18,-,10,H,H,T,17.784,2.3,"(False, 0.0)",V,19,57.0,55.65,55.65,2.36,2.36,55.62,55.62,0.03,0.03,53.3,53.3,1.9996971312844527,-61.2,-43.0,2.083383674572417,0.4014084507042254,36.6,36.6,5.7,5.7,48.3,48.3,0.1,0.1,48.3,48.3,H,V,19
19,-,10,H,H,T,18.176,1.7857142857142858,"(False, 0.0)",V,20,0.0,0.13,0.13,0.13,0.13,0.13,0.13,0.0,0.0,0.0,0.0,2.2595907783345903,-47.7,-52.0,2.8522385236423182,0.0,0.1,0.1,0.3,0.3,0.1,0.1,0.0,0.0,0.0,0.0,H,V,20
20,-,10,H,H,T,16.82,2.1285714285714286,"(False, 0.0)",Y,21,84.0,76.23,76.23,0.0,0.0,47.63,47.63,28.59,28.59,76.23,76.23,3.0183175741982846,-45.4,-48.8,2.173237412052718,0.3783783783783784,35.6,35.6,0.0,0.0,35.8,35.8,35.2,35.2,43.4,43.4,H,Y,21
21,-,5,H,H,T,16.82,2.4571428571428577,"(False, 0.0)",C,22,84.0,83.2,83.2,6.29,6.29,31.19,31.19,52.01,52.01,76.91,76.91,1.999594531061461,-69.5,-45.0,1.9059648364498571,0.6222222222222222,62.9,62.9,14.8,14.8,79.0,79.0,56.1,56.1,85.8,85.8,H,C,22
22,-,15,H,H,T,16.82,1.3571428571428572,"(False, 0.0)",S,23,12.0,12.57,12.57,7.77,7.77,8.96,8.96,3.61,3.61,4.8,4.8,1.99949551717343,-71.6,-26.6,1.9515654733381504,0.09230769230769233,10.6,10.6,17.9,17.9,19.1,19.1,5.1,5.1,6.4,6.4,H,S,23
23,-,10,H,H,T,15.778,1.0285714285714287,"(False, 0.0)",V,24,1.0,0.54,0.54,0.54,0.54,0.54,0.54,0.0,0.0,0.0,0.0,1.9995448970576464,-57.0,-30.6,2.744287302172044,0.007042253521126761,0.4,0.4,1.3,1.3,0.5,0.5,0.0,0.0,0.0,0.0,H,V,24
24,-,15,H,H,T,16.336000000000002,1.5714285714285714,"(False, 0.0)",V,25,30.0,33.6,33.6,0.0,0.0,33.6,33.6,0.0,0.0,33.6,33.6,2.7281960797054983,-83.4,-40.4,2.397689877625687,0.2112676056338028,22.1,22.1,0.0,0.0,29.2,29.2,0.0,0.0,30.4,30.4,H,V,25
25,-,10,H,H,T,17.133999999999997,1.8571428571428572,"(False, 0.0)",N,26,82.0,79.84,79.84,4.32,4.32,16.84,16.84,63.0,63.0,75.52,75.52,1.9996634922253276,-72.9,-13.5,1.930210818231172,0.5222929936305732,55.1,55.1,10.4,10.4,40.5,40.5,60.9,60.9,73.0,73.0,H,N,26
26,-,15,H,H,T,17.1,1.4714285714285713,"(False, 0.0)",M,27,16.0,19.14,19.14,0.0,0.0,15.62,15.62,3.53,3.53,19.14,19.14,2.825283314746864,-120.1,142.3,2.4866486527869656,0.0851063829787234,9.9,9.9,0.0,0.0,13.3,13.3,4.7,4.7,12.7,12.7,H,M,27
27,-,20,H,H,T,15.5,1.4714285714285715,"(False, 0.0)",C,28,0.0,0.0,0.0,0.0,0.0,0.0,0.0,0.0,0.0,0.0,0.0,3.463429490655096,98.0,-44.3,3.297099142970456,0.0,0.0,0.0,0.0,0.0,0.0,0.0,0.0,0.0,0.0,0.0,H,C,28
28,-,15,H,H,T,17.25,1.2714285714285711,"(False, 0.0)",I,29,50.0,52.96,52.96,0.0,0.0,52.96,52.96,0.0,0.0,52.96,52.96,3.3785500850018466,-59.6,-107.9,2.9130228773105222,0.2958579881656805,30.1,30.1,0.0,0.0,38.1,38.1,0.0,0.0,39.5,39.5,H,I,29
29,-,15,H,H,T,17.96,2.314285714285714,"(False, 0.0)",E,30,68.0,65.31,65.31,0.0,0.0,20.33,20.33,44.98,44.98,65.31,65.31,2.9092375025884336,-42.8,-36.1,2.2895973472579607,0.3505154639175257,37.5,37.5,0.0,0.0,39.3,39.3,36.7,36.7,49.4,49.4,H,E,30
30,-,10,H,H,T,19.548000000000002,1.9285714285714286,"(False, 0.0)",V,31,13.999999999999998,13.37,13.37,0.0,0.0,13.37,13.37,0.0,0.0,13.37,13.37,3.8457674509106847,-56.3,-23.1,3.2278603420454326,0.09859154929577464,8.8,8.8,0.0,0.0,11.6,11.6,0.0,0.0,12.1,12.1,H,V,31
31,-,5,H,H,T,17.162,1.5142857142857142,"(False, 0.0)",F,32,11.0,12.99,12.99,2.96,2.96,10.03,10.03,2.96,2.96,10.03,10.03,3.571061380521697,-82.1,-40.2,2.5293281792731004,0.05583756345177665,6.5,6.5,7.7,7.7,6.1,6.1,8.5,8.5,6.2,6.2,H,F,32
32,-,5,H,H,T,15.128,1.1428571428571428,"(False, 0.0)",L,33,95.0,102.56,102.56,25.23,25.23,78.54,78.54,24.02,24.02,77.33,77.33,1.999606650825896,-71.6,-43.3,2.047649668227307,0.5792682926829268,57.1,57.1,63.4,63.4,55.2,55.2,64.6,64.6,55.3,55.3,H,L,33
33,-,5,H,H,T,14.063999999999998,1.5285714285714285,"(False, 0.0)",S,34,25.0,24.53,24.53,23.48,23.48,7.2,7.2,17.34,17.34,1.06,1.06,1.9996166786058889,-79.2,57.0,1.916163922541968,0.19230769230769232,20.7,20.7,54.1,54.1,15.3,15.3,24.3,24.3,1.4,1.4,S,S,34
34,-,30,C,T,T,11.998,1.3285714285714285,"(False, 0.0)",G,35,78.0,77.48,77.48,77.48,77.48,40.86,40.86,36.62,36.62,0.0,0.0,1.9995419819444011,17.4,74.5,1.7096762917253665,0.9285714285714286,95.5,95.5,95.5,95.5,112.1,112.1,82.0,82.0,inf,inf,S,G,35
35,-,10,C,C,T,11.678,0.4285714285714285,"(False, 0.0)",M,36,1.0,1.77,1.77,1.77,1.77,1.77,1.77,0.0,0.0,0.0,0.0,1.9996269128944064,-109.8,-12.2,2.7313039189848567,0.0053191489361702135,0.9,0.9,4.2,4.2,1.5,1.5,0.0,0.0,0.0,0.0,-,M,36
36,-,30,C,C,T,12.498,-0.6142857142857142,"(False, 0.0)",S,37,72.0,68.42,68.42,22.23,22.23,22.92,22.92,45.5,45.5,46.18,46.18,1.9993523464571197,68.5,-11.0,1.7722085103309568,0.5538461538461539,57.8,57.8,51.2,51.2,48.8,48.8,63.7,63.7,61.6,61.6,T,S,37
37,-,15,H,H,T,14.707999999999998,-0.6142857142857142,"(False, 0.0)",F,38,83.0,81.18,81.18,0.0,0.0,81.18,81.18,0.0,0.0,81.18,81.18,2.4379232438407943,81.7,-54.9,2.012324601740697,0.4213197969543147,40.6,40.6,0.0,0.0,49.2,49.2,0.0,0.0,50.3,50.3,T,F,38
38,e,40,H,H,O,13.351999999999999,-0.15714285714285728,"(False, 0.0)",E,39,127.0,112.98,112.98,0.49,0.49,27.62,27.62,85.36,85.36,112.49,112.49,1.9998651220808972,-50.6,-26.3,1.7833085919562828,0.6546391752577321,64.9,64.9,1.2,1.2,53.4,53.4,69.7,69.7,85.1,85.1,T,E,39
39,e,35,H,H,O,15.418000000000001,-0.6142857142857144,"(False, 0.0)",Q,40,110.0,104.11,104.11,7.6,7.6,40.57,40.57,63.53,63.53,96.51,96.51,1.9994173810831248,-105.3,-61.3,1.843629816606116,0.5555555555555556,58.2,58.2,18.1,18.1,86.4,86.4,48.2,48.2,70.5,70.5,T,Q,40
40,-,10,H,H,O,15.063999999999998,-0.6142857142857142,"(False, 0.0)",S,41,0.0,0.0,0.0,0.0,0.0,0.0,0.0,0.0,0.0,0.0,0.0,3.3034780135776365,-38.6,-7.0,3.3715127570849064,0.0,0.0,0.0,0.0,0.0,0.0,0.0,0.0,0.0,0.0,0.0,T,S,41
41,-,0,H,H,T,14.244,-1.6571428571428573,"(False, 0.0)",F,42,60.00000000000001,60.18,60.18,0.0,0.0,60.18,60.18,0.0,0.0,60.18,60.18,3.4009903315715726,-139.9,128.5,2.3711749988448383,0.3045685279187817,30.1,30.1,0.0,0.0,36.5,36.5,0.0,0.0,37.3,37.3,T,F,42
42,e,35,H,H,T,14.210000000000003,-0.6142857142857142,"(False, 0.0)",Y,43,122.0,113.33,113.33,0.76,0.76,76.3,76.3,37.03,37.03,112.57,112.57,2.201506276414797,104.8,-76.4,1.9829933031353772,0.5495495495495496,52.9,52.9,2.0,2.0,57.3,57.3,45.6,45.6,64.0,64.0,T,Y,43
43,-,0,H,H,T,16.596,0.48571428571428577,"(False, 0.0)",S,44,28.0,30.55,30.55,17.89,17.89,26.19,26.19,4.36,4.36,12.66,12.66,1.9996173229660097,-53.4,-37.5,1.7965373754603997,0.2153846153846154,25.8,25.8,41.2,41.2,55.8,55.8,6.1,6.1,16.9,16.9,T,S,44
44,-,15,H,H,T,16.95,0.8571428571428571,"(False, 0.0)",R,45,83.0,77.65,77.65,0.0,0.0,2.54,2.54,75.11,75.11,77.65,77.65,3.352654127217378,-61.6,-49.1,2.7995187729319357,0.3346774193548387,32.6,32.6,0.0,0.0,3.5,3.5,45.5,45.5,39.6,39.6,T,R,45
45,-,0,H,H,T,15.644,1.1,"(False, 0.0)",L,46,54.0,58.11,58.11,5.4,5.4,52.88,52.88,5.23,5.23,52.71,52.71,2.6473459838994704,-127.3,111.2,2.255969716714692,0.32926829268292684,32.4,32.4,13.6,13.6,37.1,37.1,14.1,14.1,37.7,37.7,T,L,46
46,-,0,H,H,T,18.03,1.0571428571428572,"(False, 0.0)",V,47,80.0,84.76,84.76,2.46,2.46,83.35,83.35,1.41,1.41,82.3,82.3,1.9999430058189491,-9.6,-31.6,1.88888969892246,0.5633802816901409,55.8,55.8,5.9,5.9,72.4,72.4,3.8,3.8,74.5,74.5,T,V,47
47,-,0,E,H,T,18.66,1.7714285714285716,"(False, 0.0)",A,48,9.0,14.75,14.75,4.38,4.38,13.7,13.7,1.05,1.05,10.37,10.37,1.9996114151961963,-88.1,33.6,2.448451176589563,0.08490566037735849,13.6,13.6,10.0,10.0,19.3,19.3,2.8,2.8,16.0,16.0,S,A,48
48,-,0,C,E,T,18.694,1.9142857142857141,"(False, 0.0)",I,49,10.0,11.18,11.18,0.0,0.0,11.18,11.18,0.0,0.0,11.18,11.18,3.794482971030552,-139.1,-43.0,3.0196728484779687,0.059171597633136085,6.4,6.4,0.0,0.0,8.0,8.0,0.0,0.0,8.3,8.3,S,I,49
49,-,0,C,C,T,16.944,2.0142857142857142,"(False, 0.0)",P,50,85.0,85.75,85.75,2.71,2.71,83.04,83.04,2.71,2.71,83.04,83.04,2.363658343650957,-79.4,8.8,2.067384363272116,0.625,62.5,62.5,9.9,9.9,68.6,68.6,16.9,16.9,75.7,75.7,T,P,50
50,-,0,E,E,T,18.924,1.957142857142857,"(False, 0.0)",V,51,19.0,18.72,18.72,1.68,1.68,18.72,18.72,0.0,0.0,17.03,17.03,1.999704215505076,-98.3,-67.3,2.1625098389820314,0.13380281690140844,12.3,12.3,4.1,4.1,16.3,16.3,0.0,0.0,15.4,15.4,T,V,51
51,-,10,E,E,T,18.924,2.3428571428571425,"(False, 0.0)",N,52,17.0,12.87,12.87,0.0,0.0,0.0,0.0,12.87,12.87,12.87,12.87,4.293980466200346,-55.8,-20.2,2.983582507421493,0.10828025477707008,8.9,8.9,0.0,0.0,0.0,0.0,12.4,12.4,12.4,12.4,B,N,52
52,-,0,E,E,T,19.718,1.957142857142857,"(False, 0.0)",I,53,34.0,40.64,40.64,0.0,0.0,40.64,40.64,0.0,0.0,40.64,40.64,3.08986557084041,-112.7,142.7,2.5441698470479164,0.20118343195266272,23.1,23.1,0.0,0.0,29.3,29.3,0.0,0.0,30.3,30.3,T,I,53
53,-,0,E,E,T,17.704,2.057142857142857,"(False, 0.0)",L,54,41.0,40.31,40.31,3.59,3.59,40.0,40.0,0.31,0.31,36.72,36.72,1.9998360440523328,100.7,-73.3,2.400748176672414,0.25,22.5,22.5,9.0,9.0,28.1,28.1,0.8,0.8,26.3,26.3,T,L,54
54,-,5,E,E,T,19.474,1.2285714285714284,"(False, 0.0)",I,55,6.0,5.46,5.46,0.0,0.0,5.46,5.46,0.0,0.0,5.46,5.46,3.631962106216631,-60.3,-37.7,3.305462605957118,0.035502958579881665,3.1,3.1,0.0,0.0,3.9,3.9,0.0,0.0,4.1,4.1,S,I,55
55,-,0,E,E,T,18.68,1.542857142857143,"(False, 0.0)",A,56,15.0,16.52,16.52,14.07,14.07,2.45,2.45,14.07,14.07,2.45,2.45,2.8746807095000984,-78.2,-6.5,2.4995590186387284,0.14150943396226415,15.2,15.2,32.0,32.0,3.5,3.5,37.3,37.3,3.8,3.8,S,A,56
56,-,20,C,C,T,18.006,0.8428571428571427,"(False, 0.0)",W,57,111.0,104.99,104.99,1.4,1.4,91.02,91.02,13.97,13.97,103.59,103.59,1.9995286035497577,-117.9,77.8,1.881692863873939,0.4889867841409692,42.1,42.1,3.3,3.3,48.5,48.5,22.7,22.7,50.1,50.1,S,W,57
57,-,5,C,C,T,14.406,0.5714285714285714,"(False, 0.0)",P,58,76.0,82.49,82.49,3.42,3.42,79.07,79.07,3.42,3.42,79.07,79.07,2.7561142333344413,43.4,82.1,2.166969870494776,0.5588235294117647,60.1,60.1,12.4,12.4,65.3,65.3,21.2,21.2,72.1,72.1,T,P,58
58,-,15,C,H,T,15.356,-0.2571428571428572,"(False, 0.0)",Y,59,21.0,17.15,17.15,0.0,0.0,8.32,8.32,8.84,8.84,17.15,17.15,2.777396097320378,19.3,-71.2,2.408021061805307,0.0945945945945946,8.0,8.0,0.0,0.0,6.2,6.2,10.9,10.9,9.8,9.8,H,Y,59
59,-,10,H,H,T,14.628000000000004,-1.1571428571428573,"(False, 0.0)",G,60,30.0,28.98,28.98,28.98,28.98,25.6,25.6,3.38,3.38,0.0,0.0,1.9996314928263443,-42.1,-54.5,1.782082005705072,0.35714285714285715,35.7,35.7,35.7,35.7,70.3,70.3,7.6,7.6,inf,inf,H,G,60
60,-,20,H,H,T,13.998000000000001,-1.5285714285714282,"(False, 0.0)",M,61,104.0,107.49,107.49,8.39,8.39,90.88,90.88,16.61,16.61,99.11,99.11,1.9993616023138128,-66.7,-33.5,2.2500666276271244,0.5531914893617021,55.7,55.7,20.0,20.0,77.3,77.3,22.0,22.0,65.6,65.6,H,M,61
61,-,5,H,H,I,12.728,-0.7571428571428571,"(False, 0.0)",Y,62,5.0,3.75,3.75,0.03,0.03,3.72,3.72,0.03,0.03,3.72,3.72,5.1309980343882,-67.4,-27.9,3.803549098758334,0.022522522522522518,1.8,1.8,0.1,0.1,2.8,2.8,0.0,0.0,2.1,2.1,H,Y,62
62,-,10,H,H,I,16.328,-0.17142857142857146,"(False, 0.0)",R,63,88.0,88.94,88.94,0.26,0.26,20.22,20.22,68.72,68.72,88.68,88.68,3.843962267447784,-93.5,-49.3,2.73618317500074,0.3548387096774194,37.3,37.3,0.6,0.6,27.6,27.6,41.7,41.7,45.2,45.2,H,R,63
63,-,10,H,H,I,17.038,0.15714285714285708,"(False, 0.0)",D,64,50.0,40.91,40.91,0.0,0.0,1.85,1.85,39.06,39.06,40.91,40.91,3.0010043384573657,-58.5,-45.5,2.4146540494318467,0.3067484662576687,28.7,28.7,0.0,0.0,4.4,4.4,39.0,39.0,40.7,40.7,H,D,64
64,-,5,H,H,I,16.682,-0.7571428571428573,"(False, 0.0)",L,65,54.0,56.53,56.53,0.16,0.16,56.37,56.37,0.16,0.16,56.37,56.37,2.5452644754203044,-53.3,-39.2,2.3876535046703093,0.32926829268292684,31.5,31.5,0.4,0.4,39.6,39.6,0.4,0.4,40.3,40.3,H,L,65
65,-,0,H,H,I,16.682,-0.31428571428571433,"(False, 0.0)",F,66,0.0,0.45,0.45,0.02,0.02,0.45,0.45,0.0,0.0,0.43,0.43,4.319061547182424,-69.1,-52.6,4.284593206727063,0.0,0.2,0.2,0.1,0.1,0.3,0.3,0.0,0.0,0.3,0.3,H,F,66
66,-,0,H,H,I,16.645999999999997,0.5857142857142856,"(False, 0.0)",M,67,38.0,43.91,43.91,0.0,0.0,23.24,23.24,20.67,20.67,43.91,43.91,3.1213889023714727,-60.8,-44.9,2.64420541615619,0.20212765957446807,22.7,22.7,0.0,0.0,19.8,19.8,27.4,27.4,29.1,29.1,H,M,67
67,e,30,H,H,I,14.666,0.4428571428571428,"(False, 0.0)",R,68,97.0,96.38,96.38,0.57,0.57,56.1,56.1,40.28,40.28,95.8,95.8,1.9996098850521624,-65.3,-41.1,1.9993912737296275,0.3911290322580645,40.5,40.5,1.4,1.4,76.7,76.7,24.4,24.4,48.8,48.8,H,R,68
68,-,20,H,H,I,13.562000000000001,-0.6571428571428573,"(False, 0.0)",A,69,11.0,11.18,11.18,4.13,4.13,10.49,10.49,0.69,0.69,7.05,7.05,1.9995366669269303,-58.3,-46.3,2.2964891053911822,0.10377358490566037,10.3,10.3,9.4,9.4,14.8,14.8,1.8,1.8,10.9,10.9,H,A,69
69,-,5,C,H,I,13.454000000000002,-0.4571428571428573,"(False, 0.0)",A,70,0.0,0.0,0.0,0.0,0.0,0.0,0.0,0.0,0.0,0.0,0.0,3.5147634219586243,-63.0,-52.2,3.126778795825248,0.0,0.0,0.0,0.0,0.0,0.0,0.0,0.0,0.0,0.0,0.0,H,A,70
70,e,45,C,C,I,14.912,-0.8428571428571427,"(False, 0.0)",R,71,182.0,173.21,173.21,30.39,30.39,49.83,49.83,123.38,123.38,142.82,142.82,1.9999149707381896,-60.4,-46.2,1.8763012874366736,0.7338709677419355,72.7,72.7,72.3,72.3,68.1,68.1,74.8,74.8,72.8,72.8,H,R,71
71,e,45,C,T,I,14.506,-0.42857142857142855,"(False, 0.0)",K,72,180.0,174.48,174.48,40.69,40.69,85.48,85.48,89.0,89.0,133.79,133.79,1.999486852625144,-61.3,-57.4,1.8890031243870733,0.8780487804878049,85.1,85.1,96.9,96.9,76.9,76.9,94.8,94.8,82.1,82.1,H,K,72
72,e,40,C,T,I,15.692000000000002,-0.8,"(False, 0.0)",V,73,39.0,40.36,40.36,8.77,8.77,40.17,40.17,0.19,0.19,31.59,31.59,1.9994799744466087,-96.8,148.1,1.9338115088655388,0.2746478873239437,26.6,26.6,21.1,21.1,34.9,34.9,0.5,0.5,28.6,28.6,S,V,73
73,e,50,C,C,I,14.73,-1.1142857142857145,"(False, 0.0)",S,74,58.0,58.79,58.79,10.05,10.05,42.61,42.61,16.18,16.18,48.74,48.74,1.99955636498543,-69.9,154.0,2.0975899657438832,0.4461538461538462,49.7,49.7,23.1,23.1,90.7,90.7,22.7,22.7,65.0,65.0,-,S,74
74,e,50,C,H,I,12.267999999999999,-0.5999999999999999,"(False, 0.0)",P,75,22.0,24.18,24.18,0.29,0.29,24.18,24.18,0.0,0.0,23.88,23.88,2.2269569313807818,-63.1,-24.9,2.053981380536177,0.16176470588235295,17.6,17.6,1.1,1.1,20.0,20.0,0.0,0.0,21.8,21.8,H,P,75
75,e,55,H,H,I,12.288,0.5999999999999999,"(False, 0.0)",S,76,69.0,65.39,65.39,5.45,5.45,39.95,39.95,25.44,25.44,59.93,59.93,1.9995227247665377,-60.5,-55.0,1.8568596308283731,0.5307692307692308,55.3,55.3,12.6,12.6,85.1,85.1,35.6,35.6,80.0,80.0,H,S,76
76,e,35,H,H,I,14.674000000000001,-0.5571428571428572,"(False, 0.0)",G,77,21.0,24.67,24.67,24.67,24.67,24.15,24.15,0.52,0.52,0.0,0.0,1.999663098020499,-60.3,-39.1,2.0904573155096307,0.25,30.4,30.4,30.4,30.4,66.3,66.3,1.2,1.2,inf,inf,H,G,77
77,-,5,H,H,I,14.330000000000002,-0.9428571428571431,"(False, 0.0)",W,78,31.0,30.2,30.2,0.0,0.0,30.2,30.2,0.0,0.0,30.2,30.2,3.6259941121570165,-62.9,-43.8,2.712632466619131,0.1365638766519824,12.1,12.1,0.0,0.0,16.1,16.1,0.0,0.0,14.6,14.6,H,W,78
78,-,15,H,H,I,15.0,-0.17142857142857132,"(False, 0.0)",I,79,23.0,23.24,23.24,0.0,0.0,23.24,23.24,0.0,0.0,23.24,23.24,3.1215100826605955,-64.5,-41.5,2.495381302796986,0.13609467455621302,13.2,13.2,0.0,0.0,16.7,16.7,0.0,0.0,17.3,17.3,H,I,79
79,e,45,H,H,I,18.6,0.19999999999999998,"(False, 0.0)",K,80,136.0,139.53,139.53,1.36,1.36,89.4,89.4,50.13,50.13,138.17,138.17,1.9994070252668272,-63.8,-41.6,2.0817981023839365,0.6634146341463415,68.1,68.1,3.2,3.2,80.5,80.5,53.4,53.4,84.8,84.8,H,K,80
80,-,15,H,H,I,16.565999999999995,-0.24285714285714294,"(False, 0.0)",N,81,76.0,71.94,71.94,1.61,1.61,15.63,15.63,56.31,56.31,70.33,70.33,1.9995986511742323,-60.2,-44.2,1.9499925616939275,0.4840764331210191,49.6,49.6,3.9,3.9,37.6,37.6,54.4,54.4,68.0,68.0,H,N,81
81,-,0,H,H,T,14.622,0.5285714285714285,"(False, 0.0)",L,82,6.0,4.26,4.26,0.0,0.0,4.26,4.26,0.0,0.0,4.26,4.26,2.4859453857174163,-62.9,-43.7,2.9185058251702483,0.03658536585365853,2.4,2.4,0.0,0.0,3.0,3.0,0.0,0.0,3.0,3.0,H,L,82
82,-,0,H,H,T,15.76,0.42857142857142855,"(False, 0.0)",A,83,22.0,22.91,22.91,5.09,5.09,19.67,19.67,3.24,3.24,17.83,17.83,1.999742805625446,-65.1,-38.1,2.069993824448395,0.2075471698113208,21.1,21.1,11.6,11.6,27.7,27.7,8.6,8.6,27.5,27.5,H,A,83
83,-,10,H,H,T,17.476,1.2428571428571427,"(False, 0.0)",D,84,82.99999999999999,73.27,73.27,0.89,0.89,14.08,14.08,59.19,59.19,72.38,72.38,1.9995078651786888,-62.7,-42.1,1.8438577998205412,0.50920245398773,51.3,51.3,2.1,2.1,33.1,33.1,59.0,59.0,72.0,72.0,H,D,84
84,-,0,H,H,T,15.495999999999999,1.557142857142857,"(False, 0.0)",I,85,55.0,54.68,54.68,0.24,0.24,54.68,54.68,0.0,0.0,54.44,54.44,3.0973287424917637,-58.4,-46.2,2.732876265987544,0.3254437869822485,31.1,31.1,0.6,0.6,39.4,39.4,0.0,0.0,40.6,40.6,H,I,85
85,-,0,H,H,T,16.802,1.6142857142857143,"(False, 0.0)",L,86,25.0,24.08,24.08,0.51,0.51,23.98,23.98,0.09,0.09,23.57,23.57,2.5138382939702852,-62.3,-43.8,2.2223167320903308,0.1524390243902439,13.4,13.4,1.3,1.3,16.8,16.8,0.3,0.3,16.9,16.9,H,L,86
86,-,0,H,H,T,18.78,1.257142857142857,"(False, 0.0)",A,87,38.0,41.8,41.8,7.7,7.7,40.89,40.89,0.91,0.91,34.11,34.11,1.999499950015028,-60.1,-52.1,2.1415569697166545,0.3584905660377358,38.4,38.4,17.5,17.5,57.6,57.6,2.4,2.4,52.6,52.6,H,A,87
87,-,5,H,H,T,17.654000000000003,2.157142857142857,"(False, 0.0)",Y,88,161.0,149.97,149.97,0.76,0.76,100.98,100.98,48.99,48.99,149.21,149.21,1.9993834506287864,-62.8,-39.0,1.9143543491499373,0.7252252252252253,70.0,70.0,2.0,2.0,75.9,75.9,60.4,60.4,84.9,84.9,H,Y,88
88,-,0,H,H,T,17.333999999999996,1.0142857142857142,"(False, 0.0)",V,89,6.0,8.38,8.38,0.0,0.0,8.38,8.38,0.0,0.0,8.38,8.38,2.8966947625542567,-59.7,-42.2,2.7286193156428165,0.04225352112676056,5.5,5.5,0.0,0.0,7.3,7.3,0.0,0.0,7.6,7.6,H,V,89
89,-,0,H,H,T,17.924,0.35714285714285715,"(False, 0.0)",T,90,73.0,75.49,75.49,1.22,1.22,57.93,57.93,17.56,17.56,74.27,74.27,1.9995408503868728,-62.7,-50.1,2.0923348061785387,0.5140845070422535,53.7,53.7,2.9,2.9,77.8,77.8,26.5,26.5,75.3,75.3,H,T,90
90,-,5,C,H,T,16.212,-0.12857142857142861,"(False, 0.0)",F,91,143.0,141.86,141.86,1.17,1.17,141.86,141.86,0.0,0.0,140.7,140.7,1.9997852135453025,-61.9,-38.4,1.9207906781252824,0.7258883248730964,71.0,71.0,3.0,3.0,86.0,86.0,0.0,0.0,87.1,87.1,H,F,91
91,-,15,C,H,T,15.384,0.6571428571428571,"(False, 0.0)",Q,92,71.0,72.23,72.23,2.28,2.28,29.7,29.7,42.53,42.53,69.95,69.95,1.9994918819540188,-59.4,-37.5,1.7835965358725467,0.35858585858585856,40.4,40.4,5.4,5.4,63.2,63.2,32.3,32.3,51.1,51.1,H,Q,92
92,-,10,C,H,T,16.544,-0.12857142857142853,"(False, 0.0)",S,93,26.0,20.48,20.48,0.25,0.25,8.25,8.25,12.23,12.23,20.24,20.24,2.5916066558402053,-55.9,-47.5,2.0430770178301167,0.2,17.3,17.3,0.6,0.6,17.6,17.6,17.1,17.1,27.0,27.0,H,S,93
93,-,10,H,H,T,16.19,0.5714285714285714,"(False, 0.0)",P,94,68.0,70.17,70.17,8.85,8.85,66.95,66.95,3.22,3.22,61.31,61.31,1.9993915620836344,-66.5,-53.4,1.8626898607684683,0.5,51.1,51.1,32.2,32.2,55.3,55.3,20.0,20.0,55.9,55.9,H,P,94
94,-,5,H,H,T,17.613999999999997,0.42857142857142855,"(False, 0.0)",V,95,73.0,75.61,75.61,3.4,3.4,75.11,75.11,0.5,0.5,72.21,72.21,1.999681934936784,-58.2,-39.1,2.0214713994042337,0.5140845070422535,49.8,49.8,8.2,8.2,65.3,65.3,1.4,1.4,65.4,65.4,H,V,95
95,-,10,H,H,T,18.02,1.5714285714285714,"(False, 0.0)",Y,96,15.0,15.53,15.53,1.99,1.99,5.85,5.85,9.68,9.68,13.54,13.54,1.9996883780734045,-58.5,-42.1,2.6269790333883645,0.06756756756756757,7.3,7.3,5.2,5.2,4.4,4.4,11.9,11.9,7.7,7.7,H,Y,96
96,-,0,H,H,T,18.814,2.228571428571428,"(False, 0.0)",V,97,33.0,33.24,33.24,0.0,0.0,33.24,33.24,0.0,0.0,33.24,33.24,2.8478048580051385,-62.6,-49.3,2.521020187808091,0.2323943661971831,21.9,21.9,0.0,0.0,28.9,28.9,0.0,0.0,30.1,30.1,H,V,97
97,-,0,H,H,T,18.78,3.0,"(False, 0.0)",A,98,55.0,54.89,54.89,6.15,6.15,54.33,54.33,0.56,0.56,48.74,48.74,1.9996633267234003,-57.7,-52.1,1.826655250120164,0.5188679245283019,50.5,50.5,14.0,14.0,76.5,76.5,1.5,1.5,75.2,75.2,H,A,98
98,-,10,H,H,T,19.454,3.0,"(False, 0.0)",I,99,39.0,39.79,39.79,4.75,4.75,39.5,39.5,0.29,0.29,35.04,35.04,1.9995481458469972,-61.4,-43.1,2.02957446390073,0.2307692307692308,22.6,22.6,11.4,11.4,28.4,28.4,0.8,0.8,26.1,26.1,H,I,99
99,-,0,H,H,T,19.454,3.785714285714286,"(False, 0.0)",L,100,8.0,7.51,7.51,0.0,0.0,7.51,7.51,0.0,0.0,7.51,7.51,3.2344002085571426,-61.7,-43.7,2.978057389842053,0.04878048780487805,4.2,4.2,0.0,0.0,5.3,5.3,0.0,0.0,5.4,5.4,H,L,100
100,-,5,H,H,T,21.468,3.128571428571429,"(False, 0.0)",L,101,61.0,62.81,62.81,17.06,17.06,46.43,46.43,16.37,16.37,45.75,45.75,1.9994715310070263,-63.0,-42.0,2.0948694893421718,0.3719512195121951,35.0,35.0,42.9,42.9,32.6,32.6,44.1,44.1,32.7,32.7,H,L,101
101,-,10,H,E,T,17.868000000000002,3.1285714285714286,"(False, 0.0)",V,102,132.0,135.31,135.31,27.22,27.22,113.85,113.85,21.46,21.46,108.09,108.09,1.9997198304197201,-66.1,-36.2,1.9006180243772168,0.9295774647887324,89.0,89.0,65.6,65.6,98.9,98.9,58.2,58.2,97.9,97.9,H,V,102
102,-,20,H,H,T,15.888,1.9857142857142855,"(False, 0.0)",V,103,78.0,81.17,81.17,26.39,26.39,64.08,64.08,17.08,17.08,54.77,54.77,1.9996183807423744,-72.2,5.6,1.968777095142601,0.5492957746478874,53.4,53.4,63.6,63.6,55.7,55.7,46.3,46.3,49.6,49.6,T,V,103
103,-,20,C,T,T,13.943999999999999,1.3142857142857143,"(False, 0.0)",G,104,58.0,58.3,58.3,58.3,58.3,31.52,31.52,26.78,26.78,0.0,0.0,1.9995069492506916,72.0,11.9,1.7096410818020422,0.6904761904761905,71.9,71.9,71.9,71.9,86.5,86.5,60.0,60.0,inf,inf,T,G,104
104,-,20,C,C,O,13.963999999999999,0.31428571428571445,"(False, 0.0)",A,105,16.0,20.56,20.56,14.53,14.53,13.79,13.79,6.78,6.78,6.03,6.03,1.999403521084488,-51.1,152.4,1.9039166382192831,0.1509433962264151,18.9,18.9,33.1,33.1,19.4,19.4,18.0,18.0,9.3,9.3,-,A,105
105,e,40,C,C,O,12.388000000000002,-0.7857142857142857,"(False, 0.0)",D,106,81.0,73.93,73.93,8.22,8.22,25.08,25.08,48.85,48.85,65.7,65.7,1.9994535814888037,-62.4,151.9,1.9932475143440307,0.4969325153374233,51.8,51.8,19.4,19.4,59.0,59.0,48.7,48.7,65.4,65.4,-,D,106
106,-,15,H,H,O,14.597999999999999,-0.742857142857143,"(False, 0.0)",W,107,166.0,162.24,162.24,0.01,0.01,132.52,132.52,29.71,29.71,162.23,162.23,2.5035220966650016,-68.2,-5.2,1.8786137207609448,0.7312775330396476,65.1,65.1,0.0,0.0,70.7,70.7,48.2,48.2,78.5,78.5,H,W,107
107,e,40,H,H,O,16.578,-0.4142857142857143,"(False, 0.0)",H,108,142.0,140.08,140.08,5.36,5.36,85.75,85.75,54.33,54.33,134.73,134.73,1.9997882374388185,-74.7,-41.7,1.7536464377427199,0.7717391304347826,76.6,76.6,13.7,13.7,88.4,88.4,63.2,63.2,93.6,93.6,H,H,108
108,-,30,H,H,O,17.491999999999997,-0.4142857142857143,"(False, 0.0)",Q,109,113.0,108.59,108.59,6.1,6.1,37.54,37.54,71.05,71.05,102.49,102.49,1.9994637832359128,-64.4,-40.9,1.8210889829509151,0.5707070707070707,60.7,60.7,14.5,14.5,79.9,79.9,53.9,53.9,74.9,74.9,H,Q,109
109,-,0,H,H,T,15.457999999999998,0.34285714285714286,"(False, 0.0)",I,110,10.0,9.93,9.93,0.0,0.0,9.93,9.93,0.0,0.0,9.93,9.93,3.286443311048324,-61.0,-41.9,2.6511358699910943,0.059171597633136085,5.7,5.7,0.0,0.0,7.2,7.2,0.0,0.0,7.4,7.4,H,I,110
110,-,0,H,H,T,15.02,1.0714285714285714,"(False, 0.0)",M,111,126.0,129.68,129.68,5.34,5.34,111.01,111.01,18.67,18.67,124.34,124.34,1.9998426494260453,-61.0,-44.6,1.902850012793692,0.6702127659574468,67.2,67.2,12.7,12.7,94.4,94.4,24.7,24.7,82.3,82.3,H,M,111
111,-,25,H,H,T,16.444,1.4142857142857144,"(False, 0.0)",A,112,50.0,55.11,55.11,6.07,6.07,54.44,54.44,0.67,0.67,49.04,49.04,1.9997710691731752,-62.9,-41.6,1.8337808151792652,0.4716981132075472,50.7,50.7,13.8,13.8,76.7,76.7,1.8,1.8,75.7,75.7,H,A,112
112,-,0,H,H,T,14.057999999999998,1.8000000000000003,"(False, 0.0)",A,113,3.0,4.34,4.34,4.34,4.34,3.33,3.33,1.01,1.01,0.0,0.0,1.9996567207498184,-60.2,-43.8,2.334260493445381,0.02830188679245283,4.0,4.0,9.9,9.9,4.7,4.7,2.7,2.7,0.0,0.0,H,A,113
113,-,0,H,H,T,12.702,0.6571428571428571,"(False, 0.0)",V,114,41.0,40.04,40.04,0.0,0.0,40.04,40.04,0.0,0.0,40.04,40.04,2.8537060892311477,-66.8,-48.2,2.518787412666037,0.2887323943661972,26.3,26.3,0.0,0.0,34.8,34.8,0.0,0.0,36.3,36.3,H,V,114
114,-,10,H,H,T,12.966,1.0285714285714287,"(False, 0.0)",S,115,57.0,53.82,53.82,2.15,2.15,40.95,40.95,12.87,12.87,51.68,51.68,1.9994901767254245,-55.7,-43.5,1.7884222253818394,0.4384615384615385,45.5,45.5,4.9,4.9,87.2,87.2,18.0,18.0,69.0,69.0,H,S,115
115,-,10,H,H,T,14.945999999999998,1.3714285714285712,"(False, 0.0)",S,116,44.0,38.75,38.75,5.07,5.07,10.35,10.35,28.4,28.4,33.68,33.68,1.9996353649519296,-61.3,-44.0,2.1333355215793923,0.3384615384615385,32.7,32.7,11.7,11.7,22.0,22.0,39.8,39.8,44.9,44.9,H,S,116
116,-,15,H,H,T,14.945999999999998,1.7142857142857142,"(False, 0.0)",N,117,9.0,9.22,9.22,0.52,0.52,0.73,0.73,8.48,8.48,8.7,8.7,2.6922114044697625,-62.5,-41.8,2.151915940434645,0.05732484076433121,6.4,6.4,1.3,1.3,1.8,1.8,8.2,8.2,8.4,8.4,H,N,117
117,-,5,H,H,T,17.366000000000003,1.0,"(False, 0.0)",I,118,90.00000000000001,91.51,91.51,3.38,3.38,91.23,91.23,0.27,0.27,88.13,88.13,1.9996936458292816,-60.0,-45.6,2.0421544491961896,0.5325443786982249,52.1,52.1,8.1,8.1,65.7,65.7,0.7,0.7,65.7,65.7,H,I,118
118,-,5,H,H,T,17.365999999999996,1.3857142857142857,"(False, 0.0)",V,119,68.0,69.35,69.35,0.04,0.04,69.31,69.31,0.04,0.04,69.31,69.31,2.195655679182536,-64.5,-39.9,2.1245559587937177,0.4788732394366197,45.6,45.6,0.1,0.1,60.2,60.2,0.1,0.1,62.7,62.7,H,V,119
119,-,0,H,H,T,18.052,2.042857142857143,"(False, 0.0)",V,120,6.0,7.65,7.65,0.0,0.0,7.65,7.65,0.0,0.0,7.65,7.65,3.4884968553534343,-61.3,-43.9,3.107532814096331,0.04225352112676056,5.0,5.0,0.0,0.0,6.6,6.6,0.0,0.0,6.9,6.9,H,V,120
120,-,0,H,H,T,18.052,2.814285714285714,"(False, 0.0)",S,121,26.0,27.51,27.51,3.19,3.19,21.02,21.02,6.49,6.49,24.32,24.32,2.562986855495893,-62.4,-42.3,2.1585182358695154,0.2,23.2,23.2,7.4,7.4,44.8,44.8,9.1,9.1,32.5,32.5,H,S,121
121,-,5,H,H,T,16.988,2.1142857142857143,"(False, 0.0)",M,122,131.0,132.42,132.42,14.39,14.39,114.77,114.77,17.65,17.65,118.03,118.03,1.9994261561630882,-62.0,-43.1,1.8523379591652167,0.6968085106382979,68.6,68.6,34.3,34.3,97.6,97.6,23.4,23.4,78.1,78.1,H,M,122
122,-,10,H,H,T,13.354000000000003,1.7714285714285711,"(False, 0.0)",L,123,7.000000000000001,6.94,6.94,4.91,4.91,6.39,6.39,0.55,0.55,2.02,2.02,1.9996262501491369,-64.9,-39.7,2.4508222749383486,0.042682926829268296,3.9,3.9,12.3,12.3,4.5,4.5,1.5,1.5,1.4,1.4,H,L,123
123,-,10,H,H,T,13.76,1.7714285714285716,"(False, 0.0)",M,124,4.0,4.18,4.18,0.6,0.6,4.18,4.18,0.0,0.0,3.58,3.58,1.999673494750964,-60.7,-42.6,2.4846335389694896,0.02127659574468085,2.2,2.2,1.4,1.4,3.6,3.6,0.0,0.0,2.4,2.4,H,M,124
124,-,10,C,T,T,14.824000000000002,1.7,"(False, 0.0)",G,125,29.0,25.04,25.04,25.04,25.04,18.05,18.05,6.99,6.99,0.0,0.0,1.9997159889916925,-61.1,-40.4,1.8796352257175712,0.34523809523809523,30.9,30.9,30.9,30.9,49.5,49.5,15.7,15.7,inf,inf,H,G,125
125,-,25,C,C,T,14.15,1.3714285714285717,"(False, 0.0)",A,126,62.0,64.29,64.29,18.91,18.91,57.19,57.19,7.1,7.1,45.39,45.39,1.9994225834232768,-61.4,-53.4,1.7676370214792196,0.5849056603773585,59.1,59.1,43.0,43.0,80.5,80.5,18.8,18.8,70.0,70.0,H,A,126
126,-,15,C,C,T,11.58,0.6428571428571429,"(False, 0.0)",V,127,6.0,6.49,6.49,1.81,1.81,6.34,6.34,0.15,0.15,4.68,4.68,1.99966285107065,-63.3,-37.6,2.225907973754673,0.04225352112676056,4.3,4.3,4.4,4.4,5.5,5.5,0.4,0.4,4.2,4.2,H,V,127
127,-,15,H,H,T,14.506,0.7714285714285715,"(False, 0.0)",Y,128,9.0,7.24,7.24,0.0,0.0,5.6,5.6,1.64,1.64,7.24,7.24,3.6420903668449833,-59.9,-45.4,3.0173909650818054,0.040540540540540536,3.4,3.4,0.0,0.0,4.2,4.2,2.0,2.0,4.1,4.1,H,Y,128
128,-,5,H,H,T,16.166000000000004,1.3714285714285714,"(False, 0.0)",G,129,17.0,19.84,19.84,19.84,19.84,19.84,19.84,0.0,0.0,0.0,0.0,1.9993888166517315,-59.0,-45.9,1.8913471026048592,0.2023809523809524,24.5,24.5,24.5,24.5,54.4,54.4,0.0,0.0,inf,inf,H,G,129
129,-,10,H,H,T,16.131999999999998,0.6142857142857142,"(False, 0.0)",Y,130,41.0,47.29,47.29,8.33,8.33,41.44,41.44,5.85,5.85,38.96,38.96,1.9997584790922756,-64.8,-41.9,1.9291522036307365,0.18468468468468469,22.1,22.1,21.7,21.7,31.1,31.1,7.2,7.2,22.2,22.2,H,Y,130
130,-,0,H,H,T,14.862,-0.17142857142857146,"(False, 0.0)",F,131,1.0,0.52,0.52,0.0,0.0,0.52,0.52,0.0,0.0,0.52,0.52,4.01454025347768,-61.3,-42.5,4.574715977138733,0.005076142131979695,0.3,0.3,0.0,0.0,0.3,0.3,0.0,0.0,0.3,0.3,H,F,131
131,-,10,H,H,T,17.788,0.3714285714285714,"(False, 0.0)",L,132,1.0,0.97,0.97,0.97,0.97,0.85,0.85,0.12,0.12,0.0,0.0,4.180541989847772,-59.0,-54.6,3.698733705912128,0.006097560975609756,0.5,0.5,2.4,2.4,0.6,0.6,0.3,0.3,0.0,0.0,H,L,132
132,e,25,H,H,I,16.874000000000002,-0.21428571428571427,"(False, 0.0)",D,133,75.0,65.25,65.25,0.96,0.96,13.01,13.01,52.24,52.24,64.29,64.29,1.9996131753261308,-59.0,-42.3,1.9826536231392216,0.4601226993865031,45.7,45.7,2.3,2.3,30.6,30.6,52.1,52.1,64.0,64.0,H,D,133
133,-,15,H,H,I,15.77,-0.6714285714285715,"(False, 0.0)",Y,134,25.0,24.95,24.95,0.55,0.55,24.44,24.44,0.51,0.51,24.41,24.41,1.9996555285152315,-62.8,-43.6,2.2207381559733617,0.1126126126126126,11.7,11.7,1.4,1.4,18.4,18.4,0.6,0.6,13.9,13.9,H,Y,134
134,-,0,H,H,I,14.346,-0.5285714285714286,"(False, 0.0)",C,135,0.0,0.31,0.31,0.0,0.0,0.0,0.0,0.31,0.31,0.31,0.31,4.488677003487999,-62.3,-42.6,4.0635007969934955,0.0,0.2,0.2,0.0,0.0,0.0,0.0,0.3,0.3,0.3,0.3,H,C,135
135,-,20,H,H,I,16.29,-0.6714285714285715,"(False, 0.0)",R,136,43.0,42.98,42.98,0.37,0.37,14.06,14.06,28.93,28.93,42.61,42.61,2.6400854305153763,-63.4,-42.3,2.129450128884406,0.17338709677419356,18.0,18.0,0.9,0.9,19.2,19.2,17.5,17.5,21.7,21.7,H,R,136
136,e,40,H,H,I,16.644,-0.7285714285714286,"(False, 0.0)",R,137,157.0,154.29,154.29,21.43,21.43,70.97,70.97,83.32,83.32,132.86,132.86,1.9996764211070197,-59.6,-44.2,1.8233939179045109,0.6330645161290323,64.8,64.8,51.0,51.0,97.0,97.0,50.5,50.5,67.7,67.7,H,R,137
137,-,15,H,H,I,17.094,0.057142857142857065,"(False, 0.0)",L,138,59.0,61.26,61.26,15.04,15.04,48.86,48.86,12.4,12.4,46.22,46.22,1.9994565243006936,-66.5,-49.7,1.9371794415312016,0.3597560975609756,34.1,34.1,37.8,37.8,34.3,34.3,33.4,33.4,33.1,33.1,H,L,138
138,-,5,H,H,I,18.552,-0.4142857142857142,"(False, 0.0)",F,139,87.0,84.03,84.03,18.48,18.48,70.38,70.38,13.66,13.66,65.55,65.55,1.9996347167899111,-78.0,13.2,1.8887121465787493,0.4416243654822335,42.0,42.0,48.1,48.1,42.7,42.7,39.1,39.1,40.6,40.6,T,F,139
139,e,60,C,T,I,17.590000000000003,-0.41428571428571426,"(False, 0.0)",K,140,177.0,170.39,170.39,24.36,24.36,106.99,106.99,63.4,63.4,146.02,146.02,1.9995928784354156,52.9,62.8,1.966184982891924,0.8634146341463415,83.1,83.1,58.0,58.0,96.3,96.3,67.5,67.5,89.6,89.6,T,K,140
140,-,15,C,C,I,16.166,0.04285714285714283,"(False, 0.0)",V,141,40.0,44.89,44.89,28.81,28.81,21.01,21.01,23.88,23.88,16.08,16.08,1.9995943208514653,171.6,-133.9,1.86431929801063,0.28169014084507044,29.5,29.5,69.4,69.4,18.3,18.3,64.8,64.8,14.6,14.6,-,V,141
141,e,45,C,C,I,15.812000000000001,-1.0,"(False, 0.0)",S,142,81.0,77.91,77.91,31.55,31.55,55.21,55.21,22.7,22.7,46.37,46.37,1.9993371957434805,-75.3,46.0,1.7395069783402484,0.6230769230769231,65.8,65.8,72.7,72.7,117.6,117.6,31.8,31.8,61.9,61.9,-,S,142
142,e,60,C,C,I,15.559999999999999,-1.9000000000000001,"(False, 0.0)",R,143,102.0,103.29,103.29,23.35,23.35,65.08,65.08,38.2,38.2,79.93,79.93,1.999706414221059,130.2,-68.0,1.8677213184353332,0.4112903225806452,43.4,43.4,55.6,55.6,88.9,88.9,23.2,23.2,40.7,40.7,-,R,143
143,e,40,C,T,I,14.136000000000001,-0.7428571428571428,"(False, 0.0)",Y,144,69.0,67.0,67.0,0.0,0.0,39.05,39.05,27.96,27.96,67.0,67.0,2.9992664413733303,131.2,-80.5,2.11268873075308,0.3108108108108108,31.3,31.3,0.0,0.0,29.3,29.3,34.5,34.5,38.1,38.1,-,Y,144
144,e,45,C,T,I,16.556000000000004,-1.9000000000000001,"(False, 0.0)",Q,145,91.0,79.75,79.75,6.67,6.67,7.02,7.02,72.73,72.73,73.08,73.08,1.9996149379331885,74.7,-6.7,1.8259159375731728,0.4595959595959596,44.6,44.6,15.9,15.9,14.9,14.9,55.2,55.2,53.4,53.4,-,Q,145
145,e,40,E,E,I,16.842,-1.5285714285714285,"(False, 0.0)",Q,146,66.0,67.54,67.54,11.28,11.28,34.07,34.07,33.47,33.47,56.26,56.26,1.999468234201738,139.5,-92.8,1.8255714526030025,0.3333333333333333,37.8,37.8,26.9,26.9,72.5,72.5,25.4,25.4,41.1,41.1,-,Q,146
146,e,20,E,C,I,15.536000000000001,inf,"(False, 0.0)",V,147,6.999999999999999,7.15,7.15,0.0,0.0,7.15,7.15,0.0,0.0,7.15,7.15,2.4968290644302873,125.2,-80.7,2.4281956000260343,0.04929577464788732,4.7,4.7,0.0,0.0,6.2,6.2,0.0,0.0,6.5,6.5,-,V,147
147,e,60,C,C,I,inf,inf,"(False, 0.0)",K,148,129.0,127.87,127.87,40.42,40.42,54.44,54.44,73.43,73.43,87.44,87.44,1.9996865062684832,74.9,-47.2,2.0055058997114865,0.6292682926829268,62.4,62.4,96.2,96.2,49.0,49.0,78.2,78.2,53.7,53.7,-,K,148
148,e,95,C,C,I,inf,inf,"(False, 0.0)",A,149,105.0,104.78,104.78,48.86,48.86,65.41,65.41,39.37,39.37,55.91,55.91,1.9996413841885932,107.5,360.0,1.7676327376355954,0.9905660377358492,96.3,96.3,111.2,111.2,92.1,92.1,104.3,104.3,86.3,86.3,-,A,149
