,REGULON_FUNCTION_ID,PROMOTER_ID
0,ECK12R000074,ECK120009842
1,ECK12R000076,ECK120009845
2,ECK12R000078,ECK120009847
3,ECK12R000078,ECK120009846
4,ECK12R000078,ECK125135049
5,ECK12R000078,ECK120033732
6,ECK12R000078,ECK120010665
7,ECK12R000078,ECK120010427
8,ECK12R000078,ECK120010423
9,ECK12R000078,ECK120010315
10,ECK12R000078,ECK120010213
11,ECK12R000078,ECK120010188
12,ECK12R000078,ECK125135056
13,ECK12R000078,ECK125095432
14,ECK12R000078,ECK125135036
15,ECK12R000078,ECK125135027
16,ECK12R000078,ECK125135026
17,ECK12R000078,ECK125135024
18,ECK12R000078,ECK120010114
19,ECK12R000078,ECK120010041
20,ECK12R000078,ECK120010040
21,ECK12R000080,ECK120010577
22,ECK12R000080,ECK120010522
23,ECK12R000080,ECK120010534
24,ECK12R000080,ECK120009848
25,ECK12R000082,ECK120009852
26,ECK12R000084,ECK120009855
27,ECK12R000086,ECK125138123
28,ECK12R000086,ECK120029862
29,ECK12R000086,ECK120029864
30,ECK12R000086,ECK120029866
31,ECK12R000086,ECK120029867
32,ECK12R000086,ECK120035128
33,ECK12R000086,ECK120010514
34,ECK12R000086,ECK120010558
35,ECK12R000086,ECK120010004
36,ECK12R000086,ECK120009990
37,ECK12R000086,ECK120009967
38,ECK12R000086,ECK120009966
39,ECK12R000086,ECK120010560
40,ECK12R000086,ECK120015953
41,ECK12R000086,ECK120029861
42,ECK12R000086,ECK120009856
43,ECK12R000086,ECK120034191
44,ECK12R000086,ECK120010879
45,ECK12R000088,ECK120009858
46,ECK12R000090,ECK120009859
47,ECK12R000092,ECK120009860
48,ECK12R000094,ECK120009861
49,ECK12R000096,ECK120009862
50,ECK12R000098,ECK120009863
51,ECK12R000100,ECK120009867
52,ECK12R000100,ECK120009864
53,ECK12R000102,ECK120009865
54,ECK12R000102,ECK120010458
55,ECK12R000102,ECK120009870
56,ECK12R000102,ECK120009868
57,ECK12R000102,ECK120009872
58,ECK12R000104,ECK120010418
59,ECK12R000104,ECK120010233
60,ECK12R000104,ECK120010232
61,ECK12R000104,ECK125240996
62,ECK12R000104,ECK120009943
63,ECK12R000104,ECK120009942
64,ECK12R000104,ECK120009874
65,ECK12R000106,ECK120009879
66,ECK12R000108,ECK120009954
67,ECK12R000108,ECK120009880
68,ECK12R000108,ECK120010649
69,ECK12R000108,ECK120010650
70,ECK12R000108,ECK125135038
71,ECK12R000110,ECK120009881
72,ECK12R000112,ECK120009883
73,ECK12R000112,ECK120010444
74,ECK12R000112,ECK120033251
75,ECK12R000112,ECK120010174
76,ECK12R000112,ECK120010443
77,ECK12R000114,ECK125145768
78,ECK12R000114,ECK120015158
79,ECK12R000114,ECK120010475
80,ECK12R000114,ECK120009884
81,ECK12R000116,ECK120009885
82,ECK12R000118,ECK120010616
83,ECK12R000118,ECK120010613
84,ECK12R000118,ECK120010618
85,ECK12R000118,ECK120010611
86,ECK12R000118,ECK120010608
87,ECK12R000118,ECK120010071
88,ECK12R000118,ECK120010607
89,ECK12R000118,ECK120010606
90,ECK12R000118,ECK120010292
91,ECK12R000118,ECK120010387
92,ECK12R000118,ECK120010437
93,ECK12R000118,ECK120010604
94,ECK12R000118,ECK120010603
95,ECK12R000118,ECK120010601
96,ECK12R000118,ECK120010536
97,ECK12R000118,ECK120010586
98,ECK12R000118,ECK120010587
99,ECK12R000118,ECK120010588
100,ECK12R000118,ECK120010594
101,ECK12R000118,ECK120010595
102,ECK12R000118,ECK120010589
103,ECK12R000118,ECK120010600
104,ECK12R000118,ECK120010598
105,ECK12R000118,ECK120010596
106,ECK12R000118,ECK120009886
107,ECK12R000118,ECK120010617
108,ECK12R000120,ECK120009887
109,ECK12R000121,ECK120010364
110,ECK12R000121,ECK120029863
111,ECK12R000121,ECK120010692
112,ECK12R000121,ECK120015954
113,ECK12R000121,ECK120009965
114,ECK12R000121,ECK120009888
115,ECK12R000123,ECK120016224
116,ECK12R000123,ECK120034315
117,ECK12R000123,ECK120026311
118,ECK12R000123,ECK120009891
119,ECK12R000125,ECK120016706
120,ECK12R000125,ECK120016702
121,ECK12R000125,ECK120016580
122,ECK12R000125,ECK120016579
123,ECK12R000125,ECK120010633
124,ECK12R000125,ECK120029592
125,ECK12R000125,ECK120009896
126,ECK12R000125,ECK120009895
127,ECK12R000125,ECK120009892
128,ECK12R000125,ECK120010547
129,ECK12R000125,ECK120029593
130,ECK12R000127,ECK120009893
131,ECK12R000127,ECK120011026
132,ECK12R000129,ECK120010518
133,ECK12R000129,ECK120010532
134,ECK12R000129,ECK125109860
135,ECK12R000129,ECK120022001
136,ECK12R000129,ECK125095187
137,ECK12R000129,ECK120016406
138,ECK12R000129,ECK120020543
139,ECK12R000129,ECK120009894
140,ECK12R000129,ECK120009950
141,ECK12R000129,ECK120020544
142,ECK12R000129,ECK120010655
143,ECK12R000129,ECK120034340
144,ECK12R000129,ECK125108718
145,ECK12R000131,ECK120009897
146,ECK12R000133,ECK120010468
147,ECK12R000133,ECK120009898
148,ECK12R000135,ECK120009899
149,ECK12R000137,ECK120009902
150,ECK12R000137,ECK120009941
151,ECK12R000139,ECK120009903
152,ECK12R000141,ECK120009904
153,ECK12R000141,ECK120010088
154,ECK12R000143,ECK120009905
155,ECK12R000145,ECK120009909
156,ECK12R000145,ECK125137182
157,ECK12R000145,ECK120009908
158,ECK12R000147,ECK120010244
159,ECK12R000147,ECK125158030
160,ECK12R000147,ECK120010037
161,ECK12R000147,ECK120035115
162,ECK12R000147,ECK120034938
163,ECK12R000147,ECK120009910
164,ECK12R000149,ECK120020518
165,ECK12R000149,ECK120020517
166,ECK12R000149,ECK125109143
167,ECK12R000149,ECK120009911
168,ECK12R000149,ECK120020520
169,ECK12R000151,ECK120009932
170,ECK12R000151,ECK120015401
171,ECK12R000151,ECK120010742
172,ECK12R000151,ECK120009913
173,ECK12R000151,ECK120009933
174,ECK12R000153,ECK125160783
175,ECK12R000153,ECK120009914
176,ECK12R000155,ECK120009916
177,ECK12R000157,ECK120009917
178,ECK12R000158,ECK120009918
179,ECK12R000160,ECK120009922
180,ECK12R000162,ECK120009924
181,ECK12R000164,ECK120009925
182,ECK12R000166,ECK120010722
183,ECK12R000166,ECK120009926
184,ECK12R000166,ECK120010484
185,ECK12R000168,ECK120009928
186,ECK12R000170,ECK120010112
187,ECK12R000170,ECK120010113
188,ECK12R000170,ECK120010186
189,ECK12R000170,ECK120010221
190,ECK12R000170,ECK120010224
191,ECK12R000170,ECK120010303
192,ECK12R000170,ECK120009934
193,ECK12R000172,ECK120009959
194,ECK12R000172,ECK120009960
195,ECK12R000172,ECK120009937
196,ECK12R000172,ECK120033636
197,ECK12R000172,ECK120009961
198,ECK12R000172,ECK120009935
199,ECK12R000172,ECK120010432
200,ECK12R000172,ECK120009936
201,ECK12R000172,ECK120010999
202,ECK12R000172,ECK120015393
203,ECK12R000172,ECK120015394
204,ECK12R000172,ECK125095198
205,ECK12R000172,ECK120010223
206,ECK12R000174,ECK120009938
207,ECK12R000176,ECK120009944
208,ECK12R000177,ECK120029524
209,ECK12R000177,ECK120015464
210,ECK12R000177,ECK120010760
211,ECK12R000177,ECK125109032
212,ECK12R000177,ECK120051394
213,ECK12R000177,ECK120051395
214,ECK12R000177,ECK120009945
215,ECK12R000179,ECK120010300
216,ECK12R000179,ECK120034220
217,ECK12R000179,ECK120009946
218,ECK12R000179,ECK120010455
219,ECK12R000181,ECK120010641
220,ECK12R000181,ECK120009947
221,ECK12R000183,ECK120034381
222,ECK12R000183,ECK120010778
223,ECK12R000183,ECK125134717
224,ECK12R000183,ECK125134720
225,ECK12R000183,ECK120010503
226,ECK12R000183,ECK125109863
227,ECK12R000183,ECK120030213
228,ECK12R000183,ECK120030782
229,ECK12R000183,ECK120010368
230,ECK12R000183,ECK120009948
231,ECK12R000183,ECK120030783
232,ECK12R000183,ECK120033712
233,ECK12R000183,ECK120030212
234,ECK12R000185,ECK120009952
235,ECK12R000185,ECK120009951
236,ECK12R000187,ECK120010519
237,ECK12R000187,ECK120010220
238,ECK12R000187,ECK120009953
239,ECK12R000189,ECK120009956
240,ECK12R000191,ECK120009976
241,ECK12R000191,ECK120009975
242,ECK12R000191,ECK120009977
243,ECK12R000191,ECK120009973
244,ECK12R000191,ECK120009957
245,ECK12R000191,ECK125199577
246,ECK12R000193,ECK120009964
247,ECK12R000195,ECK120009970
248,ECK12R000195,ECK120035126
249,ECK12R000197,ECK120009974
250,ECK12R000199,ECK120009979
251,ECK12R000201,ECK120010487
252,ECK12R000201,ECK120009980
253,ECK12R000203,ECK120009981
254,ECK12R000205,ECK120009984
255,ECK12R000206,ECK120010225
256,ECK12R000206,ECK120009985
257,ECK12R000208,ECK120009988
258,ECK12R000210,ECK120009989
259,ECK12R000213,ECK120009992
260,ECK12R000215,ECK120009998
261,ECK12R000217,ECK120009999
262,ECK12R000219,ECK120010014
263,ECK12R000221,ECK120010137
264,ECK12R000221,ECK120010015
265,ECK12R000223,ECK120010021
266,ECK12R000225,ECK120010022
267,ECK12R000227,ECK120010023
268,ECK12R000227,ECK120010024
269,ECK12R000227,ECK120010027
270,ECK12R000229,ECK120010502
271,ECK12R000229,ECK120010025
272,ECK12R000231,ECK120010029
273,ECK12R000231,ECK120010028
274,ECK12R000231,ECK120010026
275,ECK12R000233,ECK120010034
276,ECK12R000235,ECK120010964
277,ECK12R000235,ECK120034388
278,ECK12R000235,ECK120010035
279,ECK12R000237,ECK120010036
280,ECK12R000239,ECK120010038
281,ECK12R000239,ECK120010039
282,ECK12R000241,ECK120010043
283,ECK12R000243,ECK120010044
284,ECK12R000245,ECK120010045
285,ECK12R000247,ECK120010046
286,ECK12R000249,ECK120010049
287,ECK12R000251,ECK120010051
288,ECK12R000253,ECK120010054
289,ECK12R000253,ECK120010053
290,ECK12R000253,ECK120010271
291,ECK12R000253,ECK120010056
292,ECK12R000255,ECK120010055
293,ECK12R000256,ECK120010497
294,ECK12R000256,ECK120010498
295,ECK12R000256,ECK120010499
296,ECK12R000256,ECK120010697
297,ECK12R000256,ECK120021266
298,ECK12R000256,ECK120010057
299,ECK12R000258,ECK120010059
300,ECK12R000260,ECK125138110
301,ECK12R000260,ECK120010061
302,ECK12R000262,ECK120010064
303,ECK12R000264,ECK120010065
304,ECK12R000266,ECK120010067
305,ECK12R000268,ECK120010068
306,ECK12R000270,ECK120030214
307,ECK12R000270,ECK120010075
308,ECK12R000272,ECK120010078
309,ECK12R000274,ECK120010080
310,ECK12R000276,ECK120010086
311,ECK12R000278,ECK120010087
312,ECK12R000280,ECK120010089
313,ECK12R000282,ECK120010091
314,ECK12R000284,ECK120035107
315,ECK12R000284,ECK120051380
316,ECK12R000284,ECK125257024
317,ECK12R000284,ECK120010238
318,ECK12R000284,ECK120010340
319,ECK12R000284,ECK120010341
320,ECK12R000284,ECK120010343
321,ECK12R000284,ECK120010344
322,ECK12R000284,ECK120010375
323,ECK12R000284,ECK120010527
324,ECK12R000284,ECK120010705
325,ECK12R000284,ECK120010980
326,ECK12R000284,ECK120011019
327,ECK12R000284,ECK120011024
328,ECK12R000284,ECK120015389
329,ECK12R000284,ECK120015516
330,ECK12R000284,ECK120015517
331,ECK12R000284,ECK120015518
332,ECK12R000284,ECK120015765
333,ECK12R000284,ECK120032969
334,ECK12R000284,ECK120033246
335,ECK12R000284,ECK120033247
336,ECK12R000284,ECK120033681
337,ECK12R000284,ECK120035102
338,ECK12R000284,ECK120035103
339,ECK12R000284,ECK120035105
340,ECK12R000284,ECK120035106
341,ECK12R000284,ECK120010131
342,ECK12R000284,ECK120010146
343,ECK12R000284,ECK120010093
344,ECK12R000286,ECK120010094
345,ECK12R000288,ECK120010095
346,ECK12R000288,ECK120010096
347,ECK12R000289,ECK120010127
348,ECK12R000289,ECK120010139
349,ECK12R000289,ECK125095184
350,ECK12R000289,ECK125095185
351,ECK12R000289,ECK125095433
352,ECK12R000289,ECK125135014
353,ECK12R000289,ECK125135023
354,ECK12R000289,ECK125135047
355,ECK12R000289,ECK125135048
356,ECK12R000289,ECK125135055
357,ECK12R000289,ECK125140844
358,ECK12R000289,ECK125141453
359,ECK12R000289,ECK125145767
360,ECK12R000289,ECK125203410
361,ECK12R000289,ECK125203416
362,ECK12R000289,ECK120010187
363,ECK12R000289,ECK120010185
364,ECK12R000289,ECK120010190
365,ECK12R000289,ECK120010235
366,ECK12R000289,ECK120010305
367,ECK12R000289,ECK120010367
368,ECK12R000289,ECK120010511
369,ECK12R000289,ECK120010664
370,ECK12R000289,ECK120010712
371,ECK12R000289,ECK120010937
372,ECK12R000289,ECK120015381
373,ECK12R000289,ECK120033032
374,ECK12R000289,ECK120033033
375,ECK12R000289,ECK120033709
376,ECK12R000289,ECK120034266
377,ECK12R000289,ECK120034372
378,ECK12R000289,ECK120034385
379,ECK12R000289,ECK120010100
380,ECK12R000291,ECK120010101
381,ECK12R000293,ECK120010103
382,ECK12R000295,ECK120010106
383,ECK12R000297,ECK120010107
384,ECK12R000299,ECK120010108
385,ECK12R000301,ECK120010989
386,ECK12R000301,ECK125203418
387,ECK12R000301,ECK120010111
388,ECK12R000301,ECK120010110
389,ECK12R000301,ECK120010109
390,ECK12R000301,ECK120020530
391,ECK12R000301,ECK120015422
392,ECK12R000301,ECK120015421
393,ECK12R000301,ECK120010991
394,ECK12R000301,ECK120010990
395,ECK12R000303,ECK120010294
396,ECK12R000303,ECK120010115
397,ECK12R000306,ECK120010116
398,ECK12R000308,ECK120010117
399,ECK12R000309,ECK120010118
400,ECK12R000311,ECK120010119
401,ECK12R000313,ECK120010120
402,ECK12R000315,ECK120010121
403,ECK12R000317,ECK120010122
404,ECK12R000319,ECK120010123
405,ECK12R000321,ECK120010124
406,ECK12R000323,ECK120010125
407,ECK12R000325,ECK120010126
408,ECK12R000327,ECK120010128
409,ECK12R000329,ECK120010129
410,ECK12R000331,ECK120010130
411,ECK12R000333,ECK120010132
412,ECK12R000335,ECK120010133
413,ECK12R000337,ECK120010134
414,ECK12R000339,ECK120010194
415,ECK12R000339,ECK120010135
416,ECK12R000341,ECK120035125
417,ECK12R000341,ECK120011042
418,ECK12R000341,ECK120011003
419,ECK12R000341,ECK120010136
420,ECK12R000343,ECK120010138
421,ECK12R000345,ECK120010140
422,ECK12R000347,ECK120010141
423,ECK12R000349,ECK120010293
424,ECK12R000349,ECK120010430
425,ECK12R000349,ECK120010561
426,ECK12R000349,ECK120010562
427,ECK12R000349,ECK120010142
428,ECK12R000349,ECK125136733
429,ECK12R000349,ECK120010197
430,ECK12R000351,ECK120010143
431,ECK12R000353,ECK120010144
432,ECK12R000353,ECK120010994
433,ECK12R000353,ECK120011022
434,ECK12R000355,ECK120010145
435,ECK12R000357,ECK120010147
436,ECK12R000358,ECK120010166
437,ECK12R000358,ECK120010148
438,ECK12R000360,ECK120010149
439,ECK12R000362,ECK120010150
440,ECK12R000364,ECK120033675
441,ECK12R000364,ECK120010151
442,ECK12R000364,ECK125137109
443,ECK12R000364,ECK125137524
444,ECK12R000364,ECK120010206
445,ECK12R000364,ECK125199578
446,ECK12R000364,ECK125229301
447,ECK12R000366,ECK120010152
448,ECK12R000368,ECK120010489
449,ECK12R000368,ECK120010153
450,ECK12R000370,ECK120011046
451,ECK12R000370,ECK120011014
452,ECK12R000370,ECK120010254
453,ECK12R000370,ECK120010459
454,ECK12R000370,ECK120010569
455,ECK12R000370,ECK120010571
456,ECK12R000370,ECK120010159
457,ECK12R000370,ECK120010154
458,ECK12R000370,ECK120011012
459,ECK12R000372,ECK120010515
460,ECK12R000372,ECK120010155
461,ECK12R000374,ECK120010156
462,ECK12R000374,ECK120048893
463,ECK12R000374,ECK125257026
464,ECK12R000376,ECK120010157
465,ECK12R000378,ECK120010158
466,ECK12R000379,ECK120010160
467,ECK12R000381,ECK120010161
468,ECK12R000383,ECK120010163
469,ECK12R000385,ECK120010164
470,ECK12R000387,ECK120010165
471,ECK12R000388,ECK120010167
472,ECK12R000390,ECK120010168
473,ECK12R000392,ECK120010169
474,ECK12R000394,ECK120010170
475,ECK12R000396,ECK120010171
476,ECK12R000398,ECK120010172
477,ECK12R000400,ECK120010173
478,ECK12R000402,ECK120010175
479,ECK12R000404,ECK120010176
480,ECK12R000406,ECK120010177
481,ECK12R000408,ECK120010178
482,ECK12R000410,ECK120010179
483,ECK12R000412,ECK120010180
484,ECK12R000414,ECK120010181
485,ECK12R000414,ECK120010182
486,ECK12R000416,ECK120010183
487,ECK12R000418,ECK120010184
488,ECK12R000420,ECK120010189
489,ECK12R000422,ECK120010191
490,ECK12R000422,ECK120011035
491,ECK12R000424,ECK120010192
492,ECK12R000426,ECK120010193
493,ECK12R000428,ECK120010195
494,ECK12R000430,ECK120010196
495,ECK12R000432,ECK120010198
496,ECK12R000434,ECK120010199
497,ECK12R000436,ECK120010200
498,ECK12R000436,ECK120010729
499,ECK12R000438,ECK120010201
500,ECK12R000439,ECK120010202
501,ECK12R000441,ECK120010203
502,ECK12R000442,ECK120010204
503,ECK12R000444,ECK120010205
504,ECK12R000446,ECK120010207
505,ECK12R000448,ECK120010208
506,ECK12R000448,ECK120010460
507,ECK12R000450,ECK120010209
508,ECK12R000452,ECK120010210
509,ECK12R000454,ECK120010211
510,ECK12R000456,ECK120010212
511,ECK12R000458,ECK120010214
512,ECK12R000460,ECK120010215
513,ECK12R000462,ECK120010216
514,ECK12R000464,ECK120010217
515,ECK12R000466,ECK120010218
516,ECK12R000466,ECK120010567
517,ECK12R000467,ECK120030667
518,ECK12R000467,ECK120030668
519,ECK12R000467,ECK120030669
520,ECK12R000467,ECK120034335
521,ECK12R000467,ECK120015382
522,ECK12R000467,ECK120010770
523,ECK12R000467,ECK120010521
524,ECK12R000467,ECK120010523
525,ECK12R000467,ECK120010529
526,ECK12R000467,ECK120030665
527,ECK12R000467,ECK120030664
528,ECK12R000467,ECK120030663
529,ECK12R000467,ECK120010335
530,ECK12R000467,ECK120010219
531,ECK12R000467,ECK120034354
532,ECK12R000467,ECK120017001
533,ECK12R000467,ECK120010435
534,ECK12R000469,ECK120010222
535,ECK12R000471,ECK120010226
536,ECK12R000473,ECK120010227
537,ECK12R000475,ECK120010228
538,ECK12R000476,ECK120010229
539,ECK12R000478,ECK120010230
540,ECK12R000480,ECK120010231
541,ECK12R000482,ECK120010234
542,ECK12R000484,ECK120010237
543,ECK12R000486,ECK120010239
544,ECK12R000488,ECK120010240
545,ECK12R000489,ECK125160647
546,ECK12R000489,ECK120010265
547,ECK12R000489,ECK120010279
548,ECK12R000489,ECK120010573
549,ECK12R000489,ECK120011047
550,ECK12R000489,ECK120034333
551,ECK12R000489,ECK125137333
552,ECK12R000489,ECK120010242
553,ECK12R000489,ECK120010241
554,ECK12R000491,ECK120010243
555,ECK12R000491,ECK125095189
556,ECK12R000491,ECK120010681
557,ECK12R000493,ECK120010245
558,ECK12R000494,ECK120010246
559,ECK12R000496,ECK120010247
560,ECK12R000498,ECK120010248
561,ECK12R000500,ECK120010249
562,ECK12R000502,ECK120010250
563,ECK12R000504,ECK120010251
564,ECK12R000506,ECK120010395
565,ECK12R000506,ECK125134711
566,ECK12R000506,ECK125136776
567,ECK12R000506,ECK120010252
568,ECK12R000506,ECK120034229
569,ECK12R000506,ECK120034244
570,ECK12R000506,ECK120034261
571,ECK12R000506,ECK125095442
572,ECK12R000506,ECK120011028
573,ECK12R000506,ECK120015379
574,ECK12R000506,ECK120015416
575,ECK12R000506,ECK120011010
576,ECK12R000506,ECK120011011
577,ECK12R000506,ECK120010317
578,ECK12R000506,ECK120010346
579,ECK12R000508,ECK120010253
580,ECK12R000510,ECK120010255
581,ECK12R000512,ECK120010256
582,ECK12R000514,ECK120010257
583,ECK12R000516,ECK120010258
584,ECK12R000518,ECK120010259
585,ECK12R000520,ECK120010260
586,ECK12R000522,ECK120010261
587,ECK12R000524,ECK120010262
588,ECK12R000526,ECK120010263
589,ECK12R000528,ECK120010264
590,ECK12R000530,ECK120010266
591,ECK12R000532,ECK120010267
592,ECK12R000534,ECK120010268
593,ECK12R000536,ECK120010269
594,ECK12R000537,ECK120010270
595,ECK12R000539,ECK120010648
596,ECK12R000539,ECK120010274
597,ECK12R000539,ECK120010284
598,ECK12R000541,ECK120010276
599,ECK12R000543,ECK120010280
600,ECK12R000545,ECK120010281
601,ECK12R000547,ECK120010282
602,ECK12R000549,ECK120010283
603,ECK12R000551,ECK120010296
604,ECK12R000553,ECK120010299
605,ECK12R000555,ECK120010308
606,ECK12R000557,ECK120016339
607,ECK12R000557,ECK120010740
608,ECK12R000557,ECK120010974
609,ECK12R000557,ECK120010309
610,ECK12R000559,ECK120010311
611,ECK12R000559,ECK125109859
612,ECK12R000560,ECK120010322
613,ECK12R000561,ECK120010574
614,ECK12R000561,ECK120010326
615,ECK12R000563,ECK120010327
616,ECK12R000564,ECK120022342
617,ECK12R000564,ECK120022071
618,ECK12R000564,ECK120015469
619,ECK12R000564,ECK120010330
620,ECK12R000564,ECK120010658
621,ECK12R000564,ECK120022125
622,ECK12R000566,ECK120010333
623,ECK12R000568,ECK120010334
624,ECK12R000569,ECK120033029
625,ECK12R000569,ECK125136364
626,ECK12R000569,ECK120010337
627,ECK12R000569,ECK120029525
628,ECK12R000571,ECK120010339
629,ECK12R000573,ECK120010350
630,ECK12R000575,ECK120010351
631,ECK12R000577,ECK120010355
632,ECK12R000577,ECK120011031
633,ECK12R000579,ECK120010356
634,ECK12R000580,ECK120010357
635,ECK12R000582,ECK120010362
636,ECK12R000584,ECK120010370
637,ECK12R000586,ECK120010371
638,ECK12R000588,ECK120010374
639,ECK12R000589,ECK120030655
640,ECK12R000589,ECK120030656
641,ECK12R000589,ECK120015495
642,ECK12R000589,ECK120015498
643,ECK12R000589,ECK120010728
644,ECK12R000589,ECK120010672
645,ECK12R000589,ECK120010680
646,ECK12R000589,ECK125160651
647,ECK12R000589,ECK125160650
648,ECK12R000589,ECK120010494
649,ECK12R000589,ECK120010377
650,ECK12R000589,ECK120010403
651,ECK12R000589,ECK120010462
652,ECK12R000590,ECK120010391
653,ECK12R000591,ECK120010396
654,ECK12R000593,ECK120010398
655,ECK12R000595,ECK120010399
656,ECK12R000597,ECK120010401
657,ECK12R000599,ECK120010410
658,ECK12R000601,ECK120010411
659,ECK12R000603,ECK120010419
660,ECK12R000605,ECK120010434
661,ECK12R000606,ECK120010438
662,ECK12R000608,ECK120010445
663,ECK12R000608,ECK120022294
664,ECK12R000609,ECK125138137
665,ECK12R000609,ECK120010751
666,ECK12R000609,ECK120010461
667,ECK12R000611,ECK120010469
668,ECK12R000613,ECK120049205
669,ECK12R000613,ECK120010470
670,ECK12R000613,ECK125203429
671,ECK12R000613,ECK125203428
672,ECK12R000613,ECK125203427
673,ECK12R000613,ECK125160782
674,ECK12R000615,ECK120010471
675,ECK12R000617,ECK120010472
676,ECK12R000619,ECK120010473
677,ECK12R000621,ECK120010479
678,ECK12R000623,ECK120010480
679,ECK12R000625,ECK120010481
680,ECK12R000627,ECK120010488
681,ECK12R000629,ECK120010490
682,ECK12R000630,ECK120010491
683,ECK12R000630,ECK120010739
684,ECK12R000632,ECK120010504
685,ECK12R000634,ECK120010507
686,ECK12R000636,ECK125257030
687,ECK12R000636,ECK120010520
688,ECK12R000636,ECK125141555
689,ECK12R000638,ECK120010533
690,ECK12R000639,ECK120010535
691,ECK12R000641,ECK120010540
692,ECK12R000643,ECK120010541
693,ECK12R000645,ECK120010546
694,ECK12R000645,ECK120010576
695,ECK12R000645,ECK120010585
696,ECK12R000647,ECK120010548
697,ECK12R000649,ECK120010549
698,ECK12R000650,ECK120010550
699,ECK12R000650,ECK120035108
700,ECK12R000651,ECK120034223
701,ECK12R000651,ECK120010554
702,ECK12R000651,ECK120010726
703,ECK12R000653,ECK120010556
704,ECK12R000654,ECK120010563
705,ECK12R000656,ECK120010564
706,ECK12R000658,ECK125095206
707,ECK12R000658,ECK125095208
708,ECK12R000658,ECK125095209
709,ECK12R000658,ECK120016781
710,ECK12R000658,ECK120016981
711,ECK12R000658,ECK120030786
712,ECK12R000658,ECK125095205
713,ECK12R000658,ECK125095204
714,ECK12R000658,ECK125095201
715,ECK12R000658,ECK125095203
716,ECK12R000658,ECK125095200
717,ECK12R000658,ECK120010568
718,ECK12R000658,ECK120033654
719,ECK12R000658,ECK120034328
720,ECK12R000659,ECK120010572
721,ECK12R000660,ECK120010575
722,ECK12R000660,ECK125095196
723,ECK12R000662,ECK120010578
724,ECK12R000663,ECK120010584
725,ECK12R000664,ECK120010614
726,ECK12R000666,ECK120010619
727,ECK12R000668,ECK120010620
728,ECK12R000670,ECK120010621
729,ECK12R000672,ECK120010626
730,ECK12R000674,ECK120010630
731,ECK12R000676,ECK120010635
732,ECK12R000678,ECK120010636
733,ECK12R000680,ECK120010637
734,ECK12R000682,ECK120010638
735,ECK12R000683,ECK120035114
736,ECK12R000683,ECK125108719
737,ECK12R000683,ECK125108720
738,ECK12R000683,ECK125134704
739,ECK12R000683,ECK125134718
740,ECK12R000683,ECK120010745
741,ECK12R000683,ECK125134703
742,ECK12R000683,ECK120015398
743,ECK12R000683,ECK120015405
744,ECK12R000683,ECK120015406
745,ECK12R000683,ECK120015399
746,ECK12R000683,ECK120015400
747,ECK12R000683,ECK120015402
748,ECK12R000683,ECK120015404
749,ECK12R000683,ECK120010640
750,ECK12R000683,ECK120010639
751,ECK12R000685,ECK120010651
752,ECK12R000687,ECK120010657
753,ECK12R000689,ECK120010662
754,ECK12R000690,ECK120010663
755,ECK12R000692,ECK120010666
756,ECK12R000694,ECK120010667
757,ECK12R000696,ECK120010668
758,ECK12R000698,ECK120010670
759,ECK12R000700,ECK120010671
760,ECK12R000702,ECK120010673
761,ECK12R000704,ECK120010675
762,ECK12R000706,ECK120029520
763,ECK12R000706,ECK120010676
764,ECK12R000708,ECK120010682
765,ECK12R000709,ECK120010683
766,ECK12R000711,ECK120010685
767,ECK12R000713,ECK120010686
768,ECK12R000715,ECK120010687
769,ECK12R000717,ECK120010688
770,ECK12R000717,ECK120034387
771,ECK12R000718,ECK120010689
772,ECK12R000720,ECK120010695
773,ECK12R000722,ECK120010699
774,ECK12R000723,ECK120010700
775,ECK12R000725,ECK120010704
776,ECK12R000727,ECK120010706
777,ECK12R000729,ECK120010707
778,ECK12R000731,ECK120010708
779,ECK12R000733,ECK120010709
780,ECK12R000735,ECK120010710
781,ECK12R000737,ECK120010711
782,ECK12R000739,ECK120010716
783,ECK12R000741,ECK120010719
784,ECK12R000742,ECK120010721
785,ECK12R000744,ECK120010723
786,ECK12R000746,ECK120010731
787,ECK12R000748,ECK120010735
788,ECK12R000748,ECK120010734
789,ECK12R000750,ECK120010736
790,ECK12R000752,ECK120010737
791,ECK12R000754,ECK120010741
792,ECK12R000756,ECK120010746
793,ECK12R000758,ECK120010747
794,ECK12R000761,ECK120010750
795,ECK12R000762,ECK120010752
796,ECK12R000764,ECK120010753
797,ECK12R000766,ECK120010754
798,ECK12R000768,ECK120010756
799,ECK12R000768,ECK120010996
800,ECK12R000769,ECK120010757
801,ECK12R000771,ECK120010759
802,ECK12R000773,ECK120010762
803,ECK12R000774,ECK120010763
804,ECK12R000776,ECK120010765
805,ECK12R000778,ECK120010766
806,ECK12R000780,ECK120010767
807,ECK12R000782,ECK120010771
808,ECK12R000783,ECK120010772
809,ECK12R000784,ECK120010773
810,ECK12R000786,ECK120010777
811,ECK12R000788,ECK120010987
812,ECK12R000789,ECK120010988
813,ECK12R000791,ECK120010992
814,ECK12R000791,ECK120011029
815,ECK12R000793,ECK120010993
816,ECK12R000795,ECK120010995
817,ECK12R000797,ECK120010997
818,ECK12R000797,ECK120010998
819,ECK12R000798,ECK120011000
820,ECK12R000800,ECK120011001
821,ECK12R000802,ECK120011002
822,ECK12R000804,ECK120011004
823,ECK12R000806,ECK120011005
824,ECK12R000808,ECK120011006
825,ECK12R000810,ECK120011007
826,ECK12R000812,ECK120011008
827,ECK12R000814,ECK120011009
828,ECK12R000816,ECK120011013
829,ECK12R000818,ECK120011015
830,ECK12R000820,ECK120011017
831,ECK12R000820,ECK120011016
832,ECK12R000822,ECK120011018
833,ECK12R000824,ECK120011020
834,ECK12R000826,ECK120011023
835,ECK12R000826,ECK120011021
836,ECK12R000827,ECK120011025
837,ECK12R000829,ECK120011027
838,ECK12R000831,ECK120011030
839,ECK12R000833,ECK120011032
840,ECK12R000835,ECK120011033
841,ECK12R000837,ECK120011034
842,ECK12R000839,ECK120011036
843,ECK12R000841,ECK120011037
844,ECK12R000843,ECK120011038
845,ECK12R000845,ECK120011039
846,ECK12R000847,ECK120011040
847,ECK12R000848,ECK120011041
848,ECK12R000850,ECK120011043
849,ECK12R000852,ECK120011044
850,ECK12R000852,ECK120034429
851,ECK12R000854,ECK120011045
852,ECK12R000856,ECK120011144
853,ECK12R000858,ECK120015157
854,ECK12R000860,ECK120015165
855,ECK12R000861,ECK120015166
856,ECK12R000863,ECK120015167
857,ECK12R000865,ECK120015388
858,ECK12R000865,ECK120015387
859,ECK12R000867,ECK120015391
860,ECK12R000867,ECK120015392
861,ECK12R000867,ECK120015472
862,ECK12R000869,ECK120015395
863,ECK12R000871,ECK120015397
864,ECK12R000873,ECK120015403
865,ECK12R000875,ECK120015409
866,ECK12R000875,ECK120034947
867,ECK12R000877,ECK120015428
868,ECK12R000878,ECK120015430
869,ECK12R000878,ECK120015429
870,ECK12R000880,ECK120015463
871,ECK12R000882,ECK120015467
872,ECK12R000884,ECK120015473
873,ECK12R000885,ECK120015489
874,ECK12R000887,ECK120015494
875,ECK12R000887,ECK125095451
876,ECK12R000887,ECK120016587
877,ECK12R000889,ECK120015496
878,ECK12R000890,ECK120015497
879,ECK12R000892,ECK120015500
880,ECK12R000892,ECK120048892
881,ECK12R000892,ECK120033723
882,ECK12R000892,ECK120033722
883,ECK12R000894,ECK120015956
884,ECK12R000896,ECK120015959
885,ECK12R000898,ECK120016183
886,ECK12R000900,ECK120016184
887,ECK12R000900,ECK125141980
888,ECK12R000902,ECK120016232
889,ECK12R000904,ECK120016342
890,ECK12R000906,ECK120016568
891,ECK12R000908,ECK120016581
892,ECK12R000910,ECK120016705
893,ECK12R000910,ECK120016704
894,ECK12R000912,ECK120016779
895,ECK12R000914,ECK120016780
896,ECK12R000916,ECK120016938
897,ECK12R000918,ECK120016950
898,ECK12R000920,ECK120016954
899,ECK12R000922,ECK120017002
900,ECK12R000924,ECK120020514
901,ECK12R000924,ECK120021268
902,ECK12R000924,ECK120021267
903,ECK12R000925,ECK120020519
904,ECK12R000927,ECK120020532
905,ECK12R000929,ECK120022065
906,ECK12R000931,ECK120022344
907,ECK12R000932,ECK125135021
908,ECK12R000932,ECK120030215
909,ECK12R000932,ECK120029973
910,ECK12R000932,ECK120026309
911,ECK12R000932,ECK120034197
912,ECK12R000934,ECK120026316
913,ECK12R000936,ECK120027918
914,ECK12R000938,ECK125158031
915,ECK12R000938,ECK120029294
916,ECK12R000940,ECK120029473
917,ECK12R000942,ECK120029860
918,ECK12R000944,ECK120029865
919,ECK12R000945,ECK120029868
920,ECK12R000947,ECK120029972
921,ECK12R000949,ECK120030208
922,ECK12R000951,ECK120030209
923,ECK12R000953,ECK120030217
924,ECK12R000955,ECK120030666
925,ECK12R000957,ECK120030787
926,ECK12R000959,ECK120030788
927,ECK12R000961,ECK120030789
928,ECK12R000962,ECK120030790
929,ECK12R000964,ECK120030792
930,ECK12R000966,ECK120030804
931,ECK12R000968,ECK120032981
932,ECK12R000970,ECK120032985
933,ECK12R000972,ECK120032986
934,ECK12R000974,ECK120033027
935,ECK12R000976,ECK120033030
936,ECK12R000978,ECK120033252
937,ECK12R000980,ECK125136876
938,ECK12R000980,ECK120034218
939,ECK12R000980,ECK120033623
940,ECK12R000982,ECK120033671
941,ECK12R000984,ECK120033698
942,ECK12R000986,ECK120033699
943,ECK12R000988,ECK120033717
944,ECK12R000990,ECK120034205
945,ECK12R000992,ECK120034217
946,ECK12R000994,ECK125257032
947,ECK12R000994,ECK120034940
948,ECK12R000994,ECK120034225
949,ECK12R000996,ECK120034258
950,ECK12R000998,ECK120034279
951,ECK12R000998,ECK120034937
952,ECK12R001000,ECK120034339
953,ECK12R001002,ECK120034380
954,ECK12R001004,ECK120034384
955,ECK12R001006,ECK120034386
956,ECK12R001008,ECK120034438
957,ECK12R001009,ECK120034542
958,ECK12R001010,ECK120034936
959,ECK12R001012,ECK120034939
960,ECK12R001014,ECK120034942
961,ECK12R001016,ECK120034944
962,ECK12R001017,ECK120034945
963,ECK12R001019,ECK120035104
964,ECK12R001021,ECK120035116
965,ECK12R001023,ECK120035117
966,ECK12R001023,ECK120035118
967,ECK12R001025,ECK120035127
968,ECK12R001027,ECK120035129
969,ECK12R001029,ECK120035130
970,ECK12R001031,ECK120049202
971,ECK12R001033,ECK120049203
972,ECK12R001035,ECK120049204
973,ECK12R001036,ECK120049216
974,ECK12R001038,ECK120049218
975,ECK12R001040,ECK120049220
976,ECK12R001042,ECK120051399
977,ECK12R001044,ECK125095188
978,ECK12R001046,ECK125095190
979,ECK12R001046,ECK125095192
980,ECK12R001048,ECK125095193
981,ECK12R001050,ECK125095194
982,ECK12R001052,ECK125095195
983,ECK12R001054,ECK125095446
984,ECK12R001055,ECK125095453
985,ECK12R001056,ECK125108717
986,ECK12R001058,ECK125109141
987,ECK12R001058,ECK125109142
988,ECK12R001060,ECK125109145
989,ECK12R001062,ECK125109146
990,ECK12R001064,ECK125109861
991,ECK12R001066,ECK125109866
992,ECK12R001068,ECK125122035
993,ECK12R001068,ECK125122036
994,ECK12R001070,ECK125122037
995,ECK12R001072,ECK125134706
996,ECK12R001074,ECK125134713
997,ECK12R001076,ECK125134716
998,ECK12R001077,ECK125135033
999,ECK12R001079,ECK125135037
1000,ECK12R001081,ECK125135061
1001,ECK12R001083,ECK125136429
1002,ECK12R001084,ECK125136437
1003,ECK12R001084,ECK125136438
1004,ECK12R001086,ECK125136449
1005,ECK12R001087,ECK125136494
1006,ECK12R001089,ECK125136640
1007,ECK12R001091,ECK125136974
1008,ECK12R001092,ECK125136987
1009,ECK12R001092,ECK125158027
1010,ECK12R001094,ECK125137021
1011,ECK12R001096,ECK125138023
1012,ECK12R001098,ECK125138075
1013,ECK12R001100,ECK125140756
1014,ECK12R001102,ECK125140763
1015,ECK12R001104,ECK125140836
1016,ECK12R001106,ECK125141556
1017,ECK12R001108,ECK125145770
1018,ECK12R001110,ECK125145772
1019,ECK12R001112,ECK125162179
1020,ECK12R001114,ECK125162180
1021,ECK12R001116,ECK125162182
1022,ECK12R001118,ECK125162184
1023,ECK12R001120,ECK125165396
1024,ECK12R001120,ECK125165395
1025,ECK12R001120,ECK125165394
1026,ECK12R001120,ECK125165393
1027,ECK12R001120,ECK125165397
1028,ECK12R001120,ECK125165400
1029,ECK12R001120,ECK125165399
1030,ECK12R001120,ECK125165398
1031,ECK12R001122,ECK125165401
1032,ECK12R001123,ECK125199580
1033,ECK12R001125,ECK125203412
1034,ECK12R001125,ECK125203413
1035,ECK12R001127,ECK125203420
1036,ECK12R001127,ECK125203421
1037,ECK12R001127,ECK125203423
1038,ECK12R001127,ECK125203422
1039,ECK12R001128,ECK125230249
1040,ECK12R001130,ECK125230250
1041,ECK12R001132,ECK125240999
