,REGULON_ID,TRANSCRIPTION_FACTOR_ID
0,EC12R0000073,ECK120012713
1,EC12R0000073,ECK120012704
2,EC12R0000075,ECK120012246
3,EC12R0000075,ECK125165914
4,EC12R0000077,ECK120011235
5,EC12R0000079,ECK120011235
6,EC12R0000079,ECK120013112
7,EC12R0000081,ECK120011670
8,EC12R0000081,ECK125257192
9,EC12R0000083,ECK125257187
10,EC12R0000083,ECK120011429
11,EC12R0000083,ECK120033053
12,EC12R0000085,ECK120011210
13,EC12R0000087,ECK125257183
14,EC12R0000087,ECK120011220
15,EC12R0000089,ECK125257186
16,EC12R0000089,ECK120011229
17,EC12R0000091,ECK120011220
18,EC12R0000093,ECK120011345
19,EC12R0000093,ECK120011235
20,EC12R0000093,ECK120011186
21,EC12R0000093,ECK120011240
22,EC12R0000093,ECK120011298
23,EC12R0000095,ECK120011186
24,EC12R0000095,ECK120011240
25,EC12R0000097,ECK120011345
26,EC12R0000097,ECK120011235
27,EC12R0000097,ECK120011229
28,EC12R0000097,ECK120011186
29,EC12R0000097,ECK125257187
30,EC12R0000097,ECK120012246
31,EC12R0000099,ECK120011186
32,EC12R0000099,ECK120011383
33,EC12R0000101,ECK120011186
34,EC12R0000101,ECK120011294
35,EC12R0000101,ECK120011383
36,EC12R0000103,ECK125257183
37,EC12R0000105,ECK120011302
38,EC12R0000105,ECK120011298
39,EC12R0000107,ECK120011298
40,EC12R0000109,ECK120011202
41,EC12R0000109,ECK120011306
42,EC12R0000111,ECK120011345
43,EC12R0000113,ECK120011324
44,EC12R0000115,ECK120011235
45,EC12R0000115,ECK120011345
46,EC12R0000115,ECK120034977
47,EC12R0000117,ECK120011186
48,EC12R0000119,ECK120012092
49,EC12R0000119,ECK120011294
50,EC12R0000119,ECK125141911
51,EC12R0000122,ECK120013342
52,EC12R0000124,ECK125257194
53,EC12R0000126,ECK120011235
54,EC12R0000126,ECK120011229
55,EC12R0000128,ECK120011229
56,EC12R0000130,ECK120011235
57,EC12R0000130,ECK120011186
58,EC12R0000130,ECK120012559
59,EC12R0000132,ECK120011345
60,EC12R0000132,ECK120011229
61,EC12R0000134,ECK120011306
62,EC12R0000134,ECK120011294
63,EC12R0000134,ECK125158217
64,EC12R0000134,ECK120033066
65,EC12R0000136,ECK120011302
66,EC12R0000138,ECK120011235
67,EC12R0000138,ECK120048948
68,EC12R0000140,ECK125257183
69,EC12R0000140,ECK120011400
70,EC12R0000142,ECK120011400
71,EC12R0000144,ECK120011941
72,EC12R0000144,ECK120011306
73,EC12R0000144,ECK125228798
74,EC12R0000146,ECK120011412
75,EC12R0000146,ECK120011190
76,EC12R0000146,ECK120011298
77,EC12R0000148,ECK120011429
78,EC12R0000150,ECK120011492
79,EC12R0000152,ECK120011265
80,EC12R0000154,ECK120011306
81,EC12R0000154,ECK120011235
82,EC12R0000156,ECK120011235
83,EC12R0000156,ECK125257183
84,EC12R0000159,ECK120011190
85,EC12R0000159,ECK120011302
86,EC12R0000159,ECK120011412
87,EC12R0000159,ECK120011298
88,EC12R0000161,ECK120011229
89,EC12R0000161,ECK120012092
90,EC12R0000161,ECK120011465
91,EC12R0000161,ECK120011458
92,EC12R0000161,ECK120011294
93,EC12R0000161,ECK120011306
94,EC12R0000161,ECK120033905
95,EC12R0000163,ECK125141903
96,EC12R0000163,ECK120048948
97,EC12R0000165,ECK120011235
98,EC12R0000165,ECK120011383
99,EC12R0000167,ECK120011235
100,EC12R0000167,ECK120011482
101,EC12R0000169,ECK120011235
102,EC12R0000169,ECK125257187
103,EC12R0000171,ECK125257187
104,EC12R0000173,ECK125257187
105,EC12R0000173,ECK125257183
106,EC12R0000173,ECK120011302
107,EC12R0000173,ECK120016814
108,EC12R0000173,ECK120011429
109,EC12R0000175,ECK120011575
110,EC12R0000175,ECK120011229
111,EC12R0000178,ECK120011458
112,EC12R0000180,ECK125257186
113,EC12R0000182,ECK120011294
114,EC12R0000184,ECK120011345
115,EC12R0000184,ECK120011294
116,EC12R0000184,ECK120011229
117,EC12R0000186,ECK120013112
118,EC12R0000188,ECK120011186
119,EC12R0000188,ECK125257183
120,EC12R0000188,ECK125257192
121,EC12R0000190,ECK125257192
122,EC12R0000192,ECK120011210
123,EC12R0000192,ECK120016814
124,EC12R0000194,ECK120012313
125,EC12R0000196,ECK120011235
126,EC12R0000196,ECK120013112
127,EC12R0000196,ECK120015234
128,EC12R0000198,ECK120011345
129,EC12R0000198,ECK120011492
130,EC12R0000198,ECK125257192
131,EC12R0000198,ECK120033905
132,EC12R0000200,ECK125257183
133,EC12R0000200,ECK120011186
134,EC12R0000202,ECK120011186
135,EC12R0000202,ECK120011235
136,EC12R0000202,ECK125257183
137,EC12R0000204,ECK120011186
138,EC12R0000204,ECK125257196
139,EC12R0000204,ECK125257183
140,EC12R0000207,ECK120011235
141,EC12R0000207,ECK120011294
142,EC12R0000207,ECK120012075
143,EC12R0000207,ECK120011383
144,EC12R0000209,ECK125141939
145,EC12R0000209,ECK120033905
146,EC12R0000212,ECK120011210
147,EC12R0000212,ECK120012092
148,EC12R0000214,ECK120011345
149,EC12R0000214,ECK120011229
150,EC12R0000214,ECK120011502
151,EC12R0000216,ECK120011345
152,EC12R0000216,ECK120011824
153,EC12R0000216,ECK120011235
154,EC12R0000218,ECK120011824
155,EC12R0000218,ECK120011897
156,EC12R0000220,ECK120011235
157,EC12R0000220,ECK120011908
158,EC12R0000222,ECK120011508
159,EC12R0000222,ECK120011502
160,EC12R0000222,ECK125257183
161,EC12R0000222,ECK120011229
162,EC12R0000222,ECK120011938
163,EC12R0000224,ECK125257184
164,EC12R0000226,ECK120011953
165,EC12R0000228,ECK120011949
166,EC12R0000230,ECK120011959
167,EC12R0000232,ECK120034977
168,EC12R0000234,ECK120012020
169,EC12R0000236,ECK125257191
170,EC12R0000238,ECK120011235
171,EC12R0000238,ECK120012101
172,EC12R0000238,ECK120012096
173,EC12R0000240,ECK125257183
174,EC12R0000240,ECK125228870
175,EC12R0000242,ECK120011294
176,EC12R0000242,ECK120011229
177,EC12R0000242,ECK120033053
178,EC12R0000244,ECK120011235
179,EC12R0000244,ECK120034571
180,EC12R0000244,ECK125257193
181,EC12R0000244,ECK120013164
182,EC12R0000244,ECK120011294
183,EC12R0000244,ECK120011186
184,EC12R0000246,ECK125228870
185,EC12R0000246,ECK120011235
186,EC12R0000248,ECK120011492
187,EC12R0000248,ECK120012092
188,EC12R0000248,ECK120011345
189,EC12R0000250,ECK120012092
190,EC12R0000250,ECK120011458
191,EC12R0000250,ECK120011294
192,EC12R0000250,ECK120011324
193,EC12R0000250,ECK120011492
194,EC12R0000252,ECK120011235
195,EC12R0000252,ECK120012096
196,EC12R0000254,ECK120011235
197,EC12R0000254,ECK120011302
198,EC12R0000254,ECK120012145
199,EC12R0000257,ECK120011235
200,EC12R0000257,ECK120012141
201,EC12R0000257,ECK120011229
202,EC12R0000259,ECK120011235
203,EC12R0000259,ECK120012145
204,EC12R0000259,ECK120012141
205,EC12R0000261,ECK120011235
206,EC12R0000261,ECK120012145
207,EC12R0000261,ECK120012153
208,EC12R0000263,ECK120012153
209,EC12R0000265,ECK120011235
210,EC12R0000265,ECK120012165
211,EC12R0000265,ECK125257183
212,EC12R0000267,ECK125257183
213,EC12R0000267,ECK120012165
214,EC12R0000269,ECK120011345
215,EC12R0000269,ECK120011824
216,EC12R0000271,ECK120012218
217,EC12R0000273,ECK120011670
218,EC12R0000273,ECK120011235
219,EC12R0000275,ECK120011345
220,EC12R0000275,ECK125257183
221,EC12R0000275,ECK120011229
222,EC12R0000275,ECK120011502
223,EC12R0000277,ECK120011235
224,EC12R0000277,ECK120012313
225,EC12R0000277,ECK120011294
226,EC12R0000277,ECK120011458
227,EC12R0000277,ECK120011465
228,EC12R0000277,ECK120012092
229,EC12R0000277,ECK125141939
230,EC12R0000277,ECK120011575
231,EC12R0000279,ECK120011458
232,EC12R0000279,ECK120011465
233,EC12R0000279,ECK120011324
234,EC12R0000281,ECK120012465
235,EC12R0000283,ECK120012770
236,EC12R0000285,ECK120012515
237,EC12R0000285,ECK120011235
238,EC12R0000287,ECK120012515
239,EC12R0000290,ECK120011908
240,EC12R0000290,ECK120011235
241,EC12R0000290,ECK120012559
242,EC12R0000292,ECK125145855
243,EC12R0000292,ECK120011186
244,EC12R0000294,ECK120011302
245,EC12R0000294,ECK120011229
246,EC12R0000294,ECK120011502
247,EC12R0000294,ECK120016814
248,EC12R0000294,ECK120011508
249,EC12R0000296,ECK120012595
250,EC12R0000298,ECK120011235
251,EC12R0000298,ECK120012316
252,EC12R0000300,ECK120011670
253,EC12R0000302,ECK120012664
254,EC12R0000304,ECK120012407
255,EC12R0000304,ECK120011235
256,EC12R0000304,ECK120012664
257,EC12R0000304,ECK120011220
258,EC12R0000304,ECK120011186
259,EC12R0000307,ECK120011186
260,EC12R0000307,ECK120011229
261,EC12R0000307,ECK120011502
262,EC12R0000310,ECK120011229
263,EC12R0000310,ECK120011345
264,EC12R0000310,ECK125257187
265,EC12R0000310,ECK125257183
266,EC12R0000312,ECK120034977
267,EC12R0000312,ECK120011229
268,EC12R0000312,ECK120011502
269,EC12R0000314,ECK120012713
270,EC12R0000314,ECK120011235
271,EC12R0000314,ECK120012704
272,EC12R0000316,ECK120011235
273,EC12R0000316,ECK120012713
274,EC12R0000316,ECK120012704
275,EC12R0000316,ECK120011294
276,EC12R0000316,ECK125257184
277,EC12R0000318,ECK120011235
278,EC12R0000318,ECK120012713
279,EC12R0000318,ECK120012704
280,EC12R0000318,ECK125257184
281,EC12R0000320,ECK125257192
282,EC12R0000320,ECK120011235
283,EC12R0000322,ECK120011229
284,EC12R0000322,ECK120011186
285,EC12R0000322,ECK120011235
286,EC12R0000322,ECK120011345
287,EC12R0000322,ECK125257194
288,EC12R0000322,ECK120012730
289,EC12R0000324,ECK120011345
290,EC12R0000324,ECK120011235
291,EC12R0000324,ECK120012730
292,EC12R0000326,ECK120012965
293,EC12R0000328,ECK120048960
294,EC12R0000330,ECK120012762
295,EC12R0000330,ECK120011294
296,EC12R0000330,ECK120011235
297,EC12R0000332,ECK120011186
298,EC12R0000332,ECK120035002
299,EC12R0000332,ECK120011235
300,EC12R0000332,ECK120012218
301,EC12R0000334,ECK120011235
302,EC12R0000334,ECK120012218
303,EC12R0000336,ECK120011229
304,EC12R0000336,ECK120012218
305,EC12R0000338,ECK120011235
306,EC12R0000338,ECK120012347
307,EC12R0000340,ECK120048948
308,EC12R0000342,ECK120011202
309,EC12R0000342,ECK120011235
310,EC12R0000342,ECK120011903
311,EC12R0000342,ECK120033053
312,EC12R0000342,ECK120011294
313,EC12R0000342,ECK120011186
314,EC12R0000344,ECK125228843
315,EC12R0000344,ECK125257196
316,EC12R0000344,ECK120011792
317,EC12R0000344,ECK125257183
318,EC12R0000344,ECK120011383
319,EC12R0000344,ECK120011210
320,EC12R0000346,ECK120012337
321,EC12R0000346,ECK120012877
322,EC12R0000346,ECK120011235
323,EC12R0000348,ECK120011235
324,EC12R0000348,ECK120012407
325,EC12R0000350,ECK120012770
326,EC12R0000350,ECK125158217
327,EC12R0000352,ECK120012176
328,EC12R0000354,ECK125158270
329,EC12R0000354,ECK120011194
330,EC12R0000356,ECK120048948
331,EC12R0000356,ECK120011302
332,EC12R0000359,ECK120011312
333,EC12R0000359,ECK120011492
334,EC12R0000361,ECK125257183
335,EC12R0000361,ECK120011312
336,EC12R0000363,ECK120011312
337,EC12R0000365,ECK120011235
338,EC12R0000365,ECK120011345
339,EC12R0000365,ECK120011824
340,EC12R0000365,ECK120011492
341,EC12R0000365,ECK125257196
342,EC12R0000367,ECK120011383
343,EC12R0000367,ECK120011294
344,EC12R0000369,ECK120012854
345,EC12R0000371,ECK120011235
346,EC12R0000371,ECK120012407
347,EC12R0000371,ECK120011903
348,EC12R0000373,ECK120011383
349,EC12R0000375,ECK120011235
350,EC12R0000375,ECK120012482
351,EC12R0000377,ECK125257184
352,EC12R0000377,ECK125257183
353,EC12R0000377,ECK120011194
354,EC12R0000380,ECK120012854
355,EC12R0000380,ECK120011412
356,EC12R0000380,ECK120012092
357,EC12R0000382,ECK120012595
358,EC12R0000382,ECK125134683
359,EC12R0000382,ECK120011383
360,EC12R0000384,ECK120011458
361,EC12R0000384,ECK120011465
362,EC12R0000384,ECK125257204
363,EC12R0000384,ECK120011294
364,EC12R0000384,ECK120012313
365,EC12R0000384,ECK120011412
366,EC12R0000386,ECK120012987
367,EC12R0000386,ECK120011345
368,EC12R0000386,ECK120012313
369,EC12R0000389,ECK120011345
370,EC12R0000389,ECK120011294
371,EC12R0000389,ECK120011229
372,EC12R0000389,ECK125141903
373,EC12R0000391,ECK120012092
374,EC12R0000391,ECK125257187
375,EC12R0000391,ECK120012246
376,EC12R0000391,ECK125228798
377,EC12R0000391,ECK120011186
378,EC12R0000391,ECK120011229
379,EC12R0000391,ECK120011941
380,EC12R0000391,ECK120013112
381,EC12R0000391,ECK120011235
382,EC12R0000391,ECK120011345
383,EC12R0000393,ECK125257187
384,EC12R0000393,ECK120011229
385,EC12R0000393,ECK120011235
386,EC12R0000393,ECK120011345
387,EC12R0000395,ECK120011345
388,EC12R0000395,ECK120011229
389,EC12R0000395,ECK125257183
390,EC12R0000397,ECK120011298
391,EC12R0000397,ECK120013242
392,EC12R0000397,ECK120011412
393,EC12R0000397,ECK125257187
394,EC12R0000397,ECK120011229
395,EC12R0000397,ECK120011345
396,EC12R0000397,ECK120011235
397,EC12R0000399,ECK120011235
398,EC12R0000399,ECK120011345
399,EC12R0000399,ECK125257183
400,EC12R0000401,ECK125257194
401,EC12R0000401,ECK120034476
402,EC12R0000401,ECK120011235
403,EC12R0000401,ECK120011345
404,EC12R0000403,ECK120011186
405,EC12R0000403,ECK125257183
406,EC12R0000403,ECK120033905
407,EC12R0000403,ECK120012854
408,EC12R0000403,ECK120020634
409,EC12R0000405,ECK120011670
410,EC12R0000405,ECK120011492
411,EC12R0000407,ECK120013010
412,EC12R0000409,ECK120013010
413,EC12R0000409,ECK120011265
414,EC12R0000411,ECK120013014
415,EC12R0000411,ECK125257183
416,EC12R0000413,ECK120011345
417,EC12R0000413,ECK120013017
418,EC12R0000413,ECK120013112
419,EC12R0000415,ECK120011250
420,EC12R0000415,ECK120011229
421,EC12R0000415,ECK125134665
422,EC12R0000415,ECK120013164
423,EC12R0000415,ECK120011294
424,EC12R0000417,ECK120011235
425,EC12R0000417,ECK120013112
426,EC12R0000417,ECK120011186
427,EC12R0000419,ECK120013255
428,EC12R0000419,ECK125257183
429,EC12R0000419,ECK120011229
430,EC12R0000419,ECK120011235
431,EC12R0000419,ECK120013259
432,EC12R0000421,ECK120011235
433,EC12R0000421,ECK120013118
434,EC12R0000423,ECK120011235
435,EC12R0000423,ECK120012407
436,EC12R0000423,ECK120012664
437,EC12R0000425,ECK120011235
438,EC12R0000425,ECK120048769
439,EC12R0000425,ECK125228870
440,EC12R0000427,ECK120011235
441,EC12R0000427,ECK120013406
442,EC12R0000429,ECK120011235
443,EC12R0000429,ECK120013141
444,EC12R0000429,ECK120011294
445,EC12R0000429,ECK120013144
446,EC12R0000431,ECK120015994
447,EC12R0000431,ECK120011235
448,EC12R0000431,ECK125228843
449,EC12R0000431,ECK125257195
450,EC12R0000431,ECK120012277
451,EC12R0000431,ECK125257196
452,EC12R0000431,ECK125141939
453,EC12R0000431,ECK125257187
454,EC12R0000431,ECK120011294
455,EC12R0000431,ECK120012250
456,EC12R0000431,ECK125257183
457,EC12R0000431,ECK120011328
458,EC12R0000431,ECK125141911
459,EC12R0000433,ECK120011235
460,EC12R0000433,ECK120011492
461,EC12R0000433,ECK120012218
462,EC12R0000435,ECK120011235
463,EC12R0000435,ECK120011186
464,EC12R0000437,ECK120013061
465,EC12R0000437,ECK120011186
466,EC12R0000437,ECK120011458
467,EC12R0000437,ECK120011294
468,EC12R0000440,ECK120013065
469,EC12R0000443,ECK120011312
470,EC12R0000443,ECK120011294
471,EC12R0000445,ECK120012407
472,EC12R0000445,ECK120011235
473,EC12R0000445,ECK120011265
474,EC12R0000447,ECK120011235
475,EC12R0000447,ECK120013081
476,EC12R0000449,ECK120011235
477,EC12R0000449,ECK120034476
478,EC12R0000449,ECK120012141
479,EC12R0000451,ECK125257187
480,EC12R0000451,ECK120012253
481,EC12R0000453,ECK120011394
482,EC12R0000453,ECK125257183
483,EC12R0000453,ECK120011220
484,EC12R0000453,ECK120016814
485,EC12R0000455,ECK120011394
486,EC12R0000455,ECK120016814
487,EC12R0000455,ECK125257183
488,EC12R0000457,ECK120011229
489,EC12R0000457,ECK120011220
490,EC12R0000459,ECK120011502
491,EC12R0000459,ECK120011229
492,EC12R0000459,ECK120011508
493,EC12R0000461,ECK120011345
494,EC12R0000461,ECK120011229
495,EC12R0000461,ECK120011186
496,EC12R0000461,ECK125257187
497,EC12R0000461,ECK125257183
498,EC12R0000461,ECK120016814
499,EC12R0000461,ECK120012246
500,EC12R0000463,ECK120011345
501,EC12R0000463,ECK125257187
502,EC12R0000463,ECK120011186
503,EC12R0000463,ECK120011229
504,EC12R0000465,ECK120011235
505,EC12R0000465,ECK120011502
506,EC12R0000465,ECK120011229
507,EC12R0000468,ECK125257187
508,EC12R0000468,ECK120033905
509,EC12R0000470,ECK120011235
510,EC12R0000470,ECK125257194
511,EC12R0000470,ECK120012713
512,EC12R0000470,ECK120012704
513,EC12R0000472,ECK120011345
514,EC12R0000472,ECK120011235
515,EC12R0000472,ECK120013131
516,EC12R0000474,ECK120011235
517,EC12R0000474,ECK120012854
518,EC12R0000474,ECK120011383
519,EC12R0000474,ECK120012465
520,EC12R0000474,ECK120011229
521,EC12R0000477,ECK125257192
522,EC12R0000477,ECK125257183
523,EC12R0000479,ECK120011235
524,EC12R0000479,ECK120012730
525,EC12R0000481,ECK125257190
526,EC12R0000481,ECK125257183
527,EC12R0000481,ECK120011302
528,EC12R0000481,ECK120011294
529,EC12R0000481,ECK120011186
530,EC12R0000483,ECK120013164
531,EC12R0000485,ECK120011383
532,EC12R0000485,ECK120016814
533,EC12R0000485,ECK120012092
534,EC12R0000485,ECK120011294
535,EC12R0000487,ECK120011229
536,EC12R0000487,ECK125257187
537,EC12R0000487,ECK120012092
538,EC12R0000487,ECK120012250
539,EC12R0000487,ECK120014170
540,EC12R0000487,ECK120011383
541,EC12R0000487,ECK120011265
542,EC12R0000487,ECK120011235
543,EC12R0000487,ECK120011670
544,EC12R0000487,ECK125257183
545,EC12R0000490,ECK120011298
546,EC12R0000490,ECK120011412
547,EC12R0000492,ECK120011210
548,EC12R0000492,ECK120013112
549,EC12R0000492,ECK120011186
550,EC12R0000492,ECK120011412
551,EC12R0000492,ECK120013191
552,EC12R0000492,ECK120011190
553,EC12R0000492,ECK120011235
554,EC12R0000492,ECK120015994
555,EC12R0000492,ECK120011298
556,EC12R0000495,ECK120011235
557,EC12R0000495,ECK120013112
558,EC12R0000495,ECK120011240
559,EC12R0000495,ECK120011908
560,EC12R0000497,ECK120011265
561,EC12R0000497,ECK120012854
562,EC12R0000499,ECK120013112
563,EC12R0000499,ECK120011186
564,EC12R0000499,ECK120011383
565,EC12R0000499,ECK120011502
566,EC12R0000501,ECK120011229
567,EC12R0000501,ECK120011186
568,EC12R0000501,ECK125257194
569,EC12R0000501,ECK125257183
570,EC12R0000501,ECK120011502
571,EC12R0000501,ECK120011508
572,EC12R0000501,ECK120016814
573,EC12R0000503,ECK120011294
574,EC12R0000503,ECK120011378
575,EC12R0000505,ECK120011306
576,EC12R0000507,ECK120011229
577,EC12R0000507,ECK125257183
578,EC12R0000507,ECK120011306
579,EC12R0000509,ECK120011235
580,EC12R0000509,ECK120011903
581,EC12R0000509,ECK120012854
582,EC12R0000509,ECK120011186
583,EC12R0000511,ECK120011235
584,EC12R0000511,ECK120013229
585,EC12R0000513,ECK125257195
586,EC12R0000515,ECK120011345
587,EC12R0000515,ECK120011235
588,EC12R0000515,ECK120012337
589,EC12R0000517,ECK120013112
590,EC12R0000517,ECK120011229
591,EC12R0000517,ECK125257187
592,EC12R0000517,ECK120011412
593,EC12R0000517,ECK120011298
594,EC12R0000517,ECK120011190
595,EC12R0000519,ECK120011856
596,EC12R0000521,ECK120015994
597,EC12R0000521,ECK120011298
598,EC12R0000521,ECK120013242
599,EC12R0000521,ECK125257187
600,EC12R0000521,ECK120011229
601,EC12R0000523,ECK120011502
602,EC12R0000523,ECK120012482
603,EC12R0000525,ECK120011345
604,EC12R0000525,ECK120011235
605,EC12R0000525,ECK120011406
606,EC12R0000527,ECK120011235
607,EC12R0000527,ECK120012337
608,EC12R0000529,ECK120011345
609,EC12R0000529,ECK125257187
610,EC12R0000529,ECK120011383
611,EC12R0000529,ECK120011220
612,EC12R0000531,ECK120011383
613,EC12R0000531,ECK120011265
614,EC12R0000533,ECK120011235
615,EC12R0000533,ECK120011186
616,EC12R0000533,ECK125257192
617,EC12R0000535,ECK120013112
618,EC12R0000535,ECK120012096
619,EC12R0000535,ECK120015250
620,EC12R0000538,ECK120011202
621,EC12R0000540,ECK125257183
622,EC12R0000540,ECK120011194
623,EC12R0000542,ECK120011229
624,EC12R0000542,ECK120013112
625,EC12R0000542,ECK120011235
626,EC12R0000542,ECK120012246
627,EC12R0000544,ECK120011345
628,EC12R0000544,ECK120011229
629,EC12R0000544,ECK120016814
630,EC12R0000546,ECK120011345
631,EC12R0000546,ECK120011235
632,EC12R0000546,ECK120011229
633,EC12R0000546,ECK120011186
634,EC12R0000546,ECK125257187
635,EC12R0000548,ECK120011210
636,EC12R0000548,ECK120011294
637,EC12R0000550,ECK120026318
638,EC12R0000552,ECK120011229
639,EC12R0000552,ECK125257187
640,EC12R0000552,ECK120011294
641,EC12R0000554,ECK120011345
642,EC12R0000554,ECK120011235
643,EC12R0000554,ECK120011229
644,EC12R0000554,ECK125257183
645,EC12R0000554,ECK120011502
646,EC12R0000556,ECK120011229
647,EC12R0000556,ECK120011502
648,EC12R0000558,ECK120011229
649,EC12R0000558,ECK125257187
650,EC12R0000562,ECK120011235
651,EC12R0000562,ECK125257183
652,EC12R0000562,ECK120016814
653,EC12R0000565,ECK120011186
654,EC12R0000565,ECK125257187
655,EC12R0000567,ECK120011202
656,EC12R0000567,ECK120011265
657,EC12R0000567,ECK125257187
658,EC12R0000567,ECK120011229
659,EC12R0000567,ECK120011235
660,EC12R0000570,ECK120015250
661,EC12R0000572,ECK120011229
662,EC12R0000572,ECK125257187
663,EC12R0000572,ECK120012092
664,EC12R0000574,ECK120015994
665,EC12R0000574,ECK120011294
666,EC12R0000574,ECK125257184
667,EC12R0000574,ECK125257183
668,EC12R0000574,ECK120011383
669,EC12R0000574,ECK120011412
670,EC12R0000574,ECK125257196
671,EC12R0000574,ECK120011190
672,EC12R0000574,ECK120011298
673,EC12R0000576,ECK120011824
674,EC12R0000576,ECK120011354
675,EC12R0000578,ECK120011240
676,EC12R0000578,ECK120011235
677,EC12R0000578,ECK120011908
678,EC12R0000581,ECK120011229
679,EC12R0000581,ECK125257187
680,EC12R0000581,ECK120012802
681,EC12R0000581,ECK120016814
682,EC12R0000583,ECK120011294
683,EC12R0000583,ECK125257183
684,EC12R0000585,ECK120030264
685,EC12R0000587,ECK125257201
686,EC12R0000587,ECK120026325
687,EC12R0000592,ECK120011824
688,EC12R0000592,ECK125257183
689,EC12R0000594,ECK120011186
690,EC12R0000594,ECK120011294
691,EC12R0000596,ECK125202685
692,EC12R0000598,ECK120011903
693,EC12R0000600,ECK120011202
694,EC12R0000600,ECK120011903
695,EC12R0000602,ECK125257183
696,EC12R0000602,ECK120011383
697,EC12R0000604,ECK125141903
698,EC12R0000604,ECK120011492
699,EC12R0000604,ECK120048948
700,EC12R0000607,ECK120029348
701,EC12R0000610,ECK125257197
702,EC12R0000612,ECK120011824
703,EC12R0000614,ECK125257196
704,EC12R0000614,ECK120011294
705,EC12R0000616,ECK120011345
706,EC12R0000616,ECK120011235
707,EC12R0000616,ECK120013805
708,EC12R0000616,ECK120011229
709,EC12R0000616,ECK120011294
710,EC12R0000618,ECK125257183
711,EC12R0000618,ECK120011383
712,EC12R0000618,ECK125141939
713,EC12R0000618,ECK120011186
714,EC12R0000618,ECK120011235
715,EC12R0000620,ECK125141939
716,EC12R0000620,ECK120011210
717,EC12R0000620,ECK120013342
718,EC12R0000622,ECK125257196
719,EC12R0000622,ECK120051460
720,EC12R0000622,ECK125134665
721,EC12R0000622,ECK125257183
722,EC12R0000622,ECK125141939
723,EC12R0000622,ECK120013342
724,EC12R0000622,ECK120013112
725,EC12R0000622,ECK120011210
726,EC12R0000622,ECK120011235
727,EC12R0000622,ECK125145855
728,EC12R0000622,ECK125158217
729,EC12R0000622,ECK125257195
730,EC12R0000622,ECK120033066
731,EC12R0000622,ECK120011294
732,EC12R0000624,ECK120011383
733,EC12R0000624,ECK120034571
734,EC12R0000624,ECK120011294
735,EC12R0000626,ECK120011378
736,EC12R0000626,ECK120011294
737,EC12R0000626,ECK120011383
738,EC12R0000626,ECK120011324
739,EC12R0000628,ECK120011229
740,EC12R0000628,ECK125257183
741,EC12R0000631,ECK125145855
742,EC12R0000631,ECK120011294
743,EC12R0000631,ECK125257183
744,EC12R0000631,ECK120011908
745,EC12R0000631,ECK120012559
746,EC12R0000633,ECK120013342
747,EC12R0000633,ECK125257194
748,EC12R0000633,ECK120011294
749,EC12R0000633,ECK125257183
750,EC12R0000633,ECK125202685
751,EC12R0000633,ECK120016814
752,EC12R0000633,ECK125141911
753,EC12R0000635,ECK120011328
754,EC12R0000637,ECK120011458
755,EC12R0000637,ECK120051460
756,EC12R0000637,ECK120011345
757,EC12R0000637,ECK120011235
758,EC12R0000637,ECK125257187
759,EC12R0000640,ECK120051460
760,EC12R0000640,ECK120011294
761,EC12R0000640,ECK120011235
762,EC12R0000642,ECK120011429
763,EC12R0000642,ECK120011502
764,EC12R0000642,ECK120011508
765,EC12R0000642,ECK120011186
766,EC12R0000642,ECK120011345
767,EC12R0000642,ECK120012987
768,EC12R0000642,ECK120012313
769,EC12R0000644,ECK120011908
770,EC12R0000646,ECK125257187
771,EC12R0000646,ECK125141903
772,EC12R0000646,ECK120011235
773,EC12R0000646,ECK120012246
774,EC12R0000648,ECK120015994
775,EC12R0000648,ECK120011229
776,EC12R0000648,ECK125257187
777,EC12R0000648,ECK120013242
778,EC12R0000652,ECK120011593
779,EC12R0000655,ECK120011250
780,EC12R0000655,ECK120011345
781,EC12R0000655,ECK125257204
782,EC12R0000655,ECK120011458
783,EC12R0000655,ECK120011294
784,EC12R0000655,ECK120011383
785,EC12R0000657,ECK120016814
786,EC12R0000661,ECK120012092
787,EC12R0000661,ECK120011294
788,EC12R0000661,ECK125257195
789,EC12R0000665,ECK120011235
790,EC12R0000665,ECK120012407
791,EC12R0000665,ECK120016814
792,EC12R0000667,ECK120011235
793,EC12R0000667,ECK120012145
794,EC12R0000667,ECK120011302
795,EC12R0000667,ECK120012141
796,EC12R0000669,ECK120011383
797,EC12R0000669,ECK125257183
798,EC12R0000669,ECK120011229
799,EC12R0000669,ECK120013665
800,EC12R0000671,ECK120012029
801,EC12R0000673,ECK120011229
802,EC12R0000673,ECK125257194
803,EC12R0000673,ECK120011220
804,EC12R0000673,ECK120011502
805,EC12R0000673,ECK120011508
806,EC12R0000675,ECK120011345
807,EC12R0000675,ECK120011437
808,EC12R0000675,ECK120012246
809,EC12R0000675,ECK125257183
810,EC12R0000677,ECK120011235
811,EC12R0000677,ECK120013112
812,EC12R0000677,ECK120011437
813,EC12R0000677,ECK120011186
814,EC12R0000679,ECK120012482
815,EC12R0000681,ECK120013750
816,EC12R0000681,ECK120011312
817,EC12R0000681,ECK120011229
818,EC12R0000681,ECK125257183
819,EC12R0000684,ECK120011235
820,EC12R0000684,ECK120012036
821,EC12R0000684,ECK120011908
822,EC12R0000686,ECK120011345
823,EC12R0000686,ECK120011502
824,EC12R0000688,ECK125145855
825,EC12R0000688,ECK120011412
826,EC12R0000688,ECK120012029
827,EC12R0000691,ECK120011345
828,EC12R0000691,ECK120013830
829,EC12R0000693,ECK120011294
830,EC12R0000693,ECK125257183
831,EC12R0000693,ECK120011383
832,EC12R0000695,ECK120011294
833,EC12R0000695,ECK120011328
834,EC12R0000695,ECK120011383
835,EC12R0000697,ECK120011345
836,EC12R0000697,ECK120011235
837,EC12R0000697,ECK120011298
838,EC12R0000697,ECK120011190
839,EC12R0000697,ECK120011412
840,EC12R0000697,ECK120013112
841,EC12R0000697,ECK120011229
842,EC12R0000699,ECK120011345
843,EC12R0000699,ECK120013112
844,EC12R0000699,ECK120011235
845,EC12R0000699,ECK120011186
846,EC12R0000701,ECK120011345
847,EC12R0000701,ECK120011235
848,EC12R0000701,ECK120011903
849,EC12R0000701,ECK120011229
850,EC12R0000701,ECK120011412
851,EC12R0000701,ECK120011190
852,EC12R0000701,ECK120011298
853,EC12R0000703,ECK120011312
854,EC12R0000703,ECK125257192
855,EC12R0000705,ECK120011235
856,EC12R0000705,ECK120011294
857,EC12R0000707,ECK125257183
858,EC12R0000707,ECK120011489
859,EC12R0000710,ECK120030724
860,EC12R0000712,ECK120011235
861,EC12R0000712,ECK120011229
862,EC12R0000712,ECK120011294
863,EC12R0000712,ECK120011502
864,EC12R0000714,ECK120011235
865,EC12R0000714,ECK120011229
866,EC12R0000714,ECK120013805
867,EC12R0000716,ECK120011383
868,EC12R0000716,ECK120011202
869,EC12R0000719,ECK120011235
870,EC12R0000719,ECK125257183
871,EC12R0000719,ECK120011563
872,EC12R0000721,ECK125257183
873,EC12R0000721,ECK120011235
874,EC12R0000721,ECK120011593
875,EC12R0000721,ECK125257196
876,EC12R0000724,ECK125257194
877,EC12R0000724,ECK120011220
878,EC12R0000724,ECK120011502
879,EC12R0000724,ECK120011508
880,EC12R0000726,ECK125257183
881,EC12R0000726,ECK120011235
882,EC12R0000726,ECK120014044
883,EC12R0000728,ECK120011186
884,EC12R0000728,ECK125141939
885,EC12R0000728,ECK120012092
886,EC12R0000728,ECK120011465
887,EC12R0000728,ECK120011458
888,EC12R0000728,ECK120011324
889,EC12R0000728,ECK120014170
890,EC12R0000728,ECK120011235
891,EC12R0000730,ECK120014170
892,EC12R0000730,ECK120011345
893,EC12R0000730,ECK120012482
894,EC12R0000730,ECK120011324
895,EC12R0000730,ECK120011294
896,EC12R0000730,ECK120011458
897,EC12R0000730,ECK120011465
898,EC12R0000730,ECK125257204
899,EC12R0000730,ECK120011186
900,EC12R0000730,ECK120011229
901,EC12R0000730,ECK120011235
902,EC12R0000732,ECK120011563
903,EC12R0000732,ECK120011235
904,EC12R0000732,ECK125257183
905,EC12R0000732,ECK120012253
906,EC12R0000734,ECK120013780
907,EC12R0000736,ECK120013750
908,EC12R0000736,ECK120011312
909,EC12R0000738,ECK120011220
910,EC12R0000738,ECK120011235
911,EC12R0000740,ECK120011394
912,EC12R0000740,ECK125257194
913,EC12R0000743,ECK120011953
914,EC12R0000743,ECK120011229
915,EC12R0000743,ECK125257187
916,EC12R0000743,ECK120011294
917,EC12R0000745,ECK120011235
918,EC12R0000745,ECK120011412
919,EC12R0000747,ECK120011186
920,EC12R0000747,ECK125257200
921,EC12R0000747,ECK125140737
922,EC12R0000749,ECK120015994
923,EC12R0000749,ECK120035026
924,EC12R0000749,ECK120011412
925,EC12R0000749,ECK120011593
926,EC12R0000749,ECK120011190
927,EC12R0000749,ECK120011492
928,EC12R0000749,ECK120011298
929,EC12R0000751,ECK120013112
930,EC12R0000751,ECK120011298
931,EC12R0000751,ECK120011412
932,EC12R0000753,ECK120011229
933,EC12R0000753,ECK125257187
934,EC12R0000753,ECK125257192
935,EC12R0000753,ECK120011265
936,EC12R0000755,ECK120013786
937,EC12R0000755,ECK120011235
938,EC12R0000755,ECK120012316
939,EC12R0000757,ECK120012253
940,EC12R0000757,ECK120011294
941,EC12R0000757,ECK120011186
942,EC12R0000757,ECK120011229
943,EC12R0000757,ECK120011235
944,EC12R0000759,ECK125257187
945,EC12R0000759,ECK120011458
946,EC12R0000759,ECK125257192
947,EC12R0000759,ECK120011229
948,EC12R0000763,ECK120011563
949,EC12R0000765,ECK120011235
950,EC12R0000765,ECK120011186
951,EC12R0000765,ECK120013786
952,EC12R0000767,ECK120013112
953,EC12R0000767,ECK120011194
954,EC12R0000770,ECK120011235
955,EC12R0000770,ECK120011229
956,EC12R0000770,ECK120011394
957,EC12R0000770,ECK120011390
958,EC12R0000772,ECK120011229
959,EC12R0000772,ECK120011502
960,EC12R0000772,ECK120023539
961,EC12R0000775,ECK120014103
962,EC12R0000777,ECK120011235
963,EC12R0000777,ECK120014103
964,EC12R0000779,ECK125141939
965,EC12R0000779,ECK120012092
966,EC12R0000779,ECK120011465
967,EC12R0000779,ECK120011458
968,EC12R0000779,ECK120012482
969,EC12R0000779,ECK120011383
970,EC12R0000779,ECK120011412
971,EC12R0000779,ECK120011492
972,EC12R0000779,ECK120011324
973,EC12R0000779,ECK120011294
974,EC12R0000781,ECK120011235
975,EC12R0000781,ECK120011240
976,EC12R0000785,ECK120011294
977,EC12R0000785,ECK120014170
978,EC12R0000785,ECK125257183
979,EC12R0000787,ECK120011235
980,EC12R0000787,ECK120011897
981,EC12R0000787,ECK125257183
982,EC12R0000787,ECK120013112
983,EC12R0000787,ECK120011345
984,EC12R0000790,ECK120011194
985,EC12R0000792,ECK120011210
986,EC12R0000792,ECK120011194
987,EC12R0000794,ECK120012176
988,EC12R0000794,ECK120011194
989,EC12R0000796,ECK120012646
990,EC12R0000799,ECK120011229
991,EC12R0000799,ECK120011235
992,EC12R0000799,ECK120011186
993,EC12R0000799,ECK120012730
994,EC12R0000799,ECK125257183
995,EC12R0000801,ECK125257187
996,EC12R0000801,ECK120011302
997,EC12R0000801,ECK120011229
998,EC12R0000803,ECK120012802
999,EC12R0000803,ECK125257187
1000,EC12R0000805,ECK120011229
1001,EC12R0000805,ECK120011186
1002,EC12R0000805,ECK125257183
1003,EC12R0000805,ECK120011502
1004,EC12R0000805,ECK120033066
1005,EC12R0000807,ECK120011186
1006,EC12R0000807,ECK120011229
1007,EC12R0000807,ECK125257183
1008,EC12R0000807,ECK120011502
1009,EC12R0000809,ECK120011235
1010,EC12R0000809,ECK120013112
1011,EC12R0000809,ECK120011229
1012,EC12R0000809,ECK120011186
1013,EC12R0000809,ECK120011294
1014,EC12R0000809,ECK125257183
1015,EC12R0000809,ECK120011502
1016,EC12R0000809,ECK120011508
1017,EC12R0000811,ECK120011235
1018,EC12R0000811,ECK120011210
1019,EC12R0000811,ECK120011792
1020,EC12R0000811,ECK125257187
1021,EC12R0000811,ECK125257183
1022,EC12R0000811,ECK125257196
1023,EC12R0000811,ECK120011306
1024,EC12R0000811,ECK120033066
1025,EC12R0000813,ECK120011235
1026,EC12R0000813,ECK120011302
1027,EC12R0000815,ECK120011492
1028,EC12R0000815,ECK120012854
1029,EC12R0000815,ECK120013229
1030,EC12R0000817,ECK120011229
1031,EC12R0000817,ECK120012854
1032,EC12R0000819,ECK125257187
1033,EC12R0000819,ECK120012854
1034,EC12R0000821,ECK120011186
1035,EC12R0000821,ECK120012854
1036,EC12R0000823,ECK120011229
1037,EC12R0000823,ECK125257187
1038,EC12R0000823,ECK125257183
1039,EC12R0000823,ECK120011235
1040,EC12R0000823,ECK120011345
1041,EC12R0000823,ECK120011412
1042,EC12R0000823,ECK120011298
1043,EC12R0000823,ECK120011190
1044,EC12R0000825,ECK120011345
1045,EC12R0000825,ECK120012770
1046,EC12R0000828,ECK120011824
1047,EC12R0000828,ECK120011345
1048,EC12R0000828,ECK120011186
1049,EC12R0000830,ECK120011235
1050,EC12R0000830,ECK120011383
1051,EC12R0000830,ECK120011240
1052,EC12R0000832,ECK125257184
1053,EC12R0000832,ECK125257183
1054,EC12R0000832,ECK120012176
1055,EC12R0000832,ECK120011194
1056,EC12R0000834,ECK120011345
1057,EC12R0000834,ECK120011229
1058,EC12R0000834,ECK120011235
1059,EC12R0000836,ECK120011235
1060,EC12R0000836,ECK120013085
1061,EC12R0000838,ECK120013061
1062,EC12R0000838,ECK120011235
1063,EC12R0000838,ECK120011186
1064,EC12R0000840,ECK120013081
1065,EC12R0000840,ECK120016814
1066,EC12R0000842,ECK120011502
1067,EC12R0000842,ECK120011394
1068,EC12R0000842,ECK120011229
1069,EC12R0000842,ECK120011508
1070,EC12R0000844,ECK120011202
1071,EC12R0000844,ECK120013175
1072,EC12R0000846,ECK120013175
1073,EC12R0000849,ECK120012802
1074,EC12R0000849,ECK120012854
1075,EC12R0000851,ECK120013202
1076,EC12R0000853,ECK120011235
1077,EC12R0000853,ECK120013202
1078,EC12R0000855,ECK120011229
1079,EC12R0000855,ECK120011235
1080,EC12R0000855,ECK120011186
1081,EC12R0000857,ECK120011235
1082,EC12R0000857,ECK120012713
1083,EC12R0000857,ECK120012704
1084,EC12R0000857,ECK120011908
1085,EC12R0000859,ECK120015243
1086,EC12R0000862,ECK120026318
1087,EC12R0000862,ECK120011235
1088,EC12R0000862,ECK120011306
1089,EC12R0000862,ECK120015234
1090,EC12R0000864,ECK120011575
1091,EC12R0000864,ECK120011294
1092,EC12R0000866,ECK120015630
1093,EC12R0000868,ECK125257187
1094,EC12R0000868,ECK120011302
1095,EC12R0000870,ECK125145855
1096,EC12R0000870,ECK120011492
1097,EC12R0000872,ECK120012246
1098,EC12R0000872,ECK120011492
1099,EC12R0000874,ECK120011235
1100,EC12R0000874,ECK120015681
1101,EC12R0000876,ECK120048948
1102,EC12R0000876,ECK120012802
1103,EC12R0000879,ECK120012770
1104,EC12R0000879,ECK125257193
1105,EC12R0000881,ECK125257187
1106,EC12R0000881,ECK125257190
1107,EC12R0000881,ECK120011302
1108,EC12R0000883,ECK120015636
1109,EC12R0000886,ECK120015687
1110,EC12R0000886,ECK120011210
1111,EC12R0000888,ECK120015690
1112,EC12R0000891,ECK120011575
1113,EC12R0000893,ECK120011298
1114,EC12R0000893,ECK125257187
1115,EC12R0000893,ECK120012020
1116,EC12R0000895,ECK120015994
1117,EC12R0000897,ECK120011235
1118,EC12R0000897,ECK120011190
1119,EC12R0000899,ECK120011190
1120,EC12R0000901,ECK120011294
1121,EC12R0000901,ECK120011229
1122,EC12R0000903,ECK125257182
1123,EC12R0000905,ECK125145855
1124,EC12R0000905,ECK120012277
1125,EC12R0000907,ECK120011229
1126,EC12R0000907,ECK125257194
1127,EC12R0000909,ECK120013342
1128,EC12R0000909,ECK125257194
1129,EC12R0000911,ECK120011508
1130,EC12R0000911,ECK120011502
1131,EC12R0000911,ECK120011229
1132,EC12R0000911,ECK120016814
1133,EC12R0000913,ECK120016814
1134,EC12R0000913,ECK120011229
1135,EC12R0000915,ECK120026318
1136,EC12R0000915,ECK120011235
1137,EC12R0000917,ECK125257187
1138,EC12R0000917,ECK120011229
1139,EC12R0000917,ECK120011908
1140,EC12R0000919,ECK125257201
1141,EC12R0000919,ECK120026325
1142,EC12R0000919,ECK125257183
1143,EC12R0000921,ECK120011378
1144,EC12R0000921,ECK125257196
1145,EC12R0000923,ECK125257196
1146,EC12R0000926,ECK120011294
1147,EC12R0000926,ECK120034476
1148,EC12R0000928,ECK125134855
1149,EC12R0000928,ECK120011229
1150,EC12R0000930,ECK120011345
1151,EC12R0000930,ECK120011235
1152,EC12R0000930,ECK120011229
1153,EC12R0000930,ECK120011502
1154,EC12R0000933,ECK125257204
1155,EC12R0000933,ECK120011190
1156,EC12R0000935,ECK120011294
1157,EC12R0000935,ECK120051441
1158,EC12R0000937,ECK120029345
1159,EC12R0000939,ECK120011938
1160,EC12R0000939,ECK120016814
1161,EC12R0000941,ECK125145855
1162,EC12R0000941,ECK120011210
1163,EC12R0000941,ECK120012246
1164,EC12R0000943,ECK120011210
1165,EC12R0000943,ECK120011312
1166,EC12R0000946,ECK125257183
1167,EC12R0000946,ECK125257195
1168,EC12R0000948,ECK125257187
1169,EC12R0000948,ECK120011294
1170,EC12R0000950,ECK120011294
1171,EC12R0000950,ECK120012253
1172,EC12R0000952,ECK120048934
1173,EC12R0000952,ECK125257202
1174,EC12R0000954,ECK125242743
1175,EC12R0000956,ECK120011229
1176,EC12R0000956,ECK120011302
1177,EC12R0000958,ECK120013112
1178,EC12R0000958,ECK120032161
1179,EC12R0000960,ECK120032161
1180,EC12R0000963,ECK120011210
1181,EC12R0000963,ECK120011324
1182,EC12R0000965,ECK120011670
1183,EC12R0000965,ECK120011294
1184,EC12R0000967,ECK125108627
1185,EC12R0000967,ECK125257183
1186,EC12R0000969,ECK125257187
1187,EC12R0000969,ECK120033010
1188,EC12R0000971,ECK120033010
1189,EC12R0000973,ECK120016814
1190,EC12R0000973,ECK120011306
1191,EC12R0000975,ECK125141939
1192,EC12R0000975,ECK120033066
1193,EC12R0000977,ECK120011186
1194,EC12R0000977,ECK120011502
1195,EC12R0000977,ECK120011508
1196,EC12R0000977,ECK120016814
1197,EC12R0000979,ECK125158270
1198,EC12R0000981,ECK125141903
1199,EC12R0000983,ECK120033905
1200,EC12R0000985,ECK120011575
1201,EC12R0000985,ECK120011492
1202,EC12R0000985,ECK120011324
1203,EC12R0000985,ECK120012313
1204,EC12R0000987,ECK120011294
1205,EC12R0000987,ECK120011575
1206,EC12R0000987,ECK120011908
1207,EC12R0000987,ECK125228870
1208,EC12R0000987,ECK120011324
1209,EC12R0000987,ECK120011502
1210,EC12R0000987,ECK120011508
1211,EC12R0000987,ECK120011492
1212,EC12R0000989,ECK120011345
1213,EC12R0000989,ECK120011229
1214,EC12R0000989,ECK120011492
1215,EC12R0000991,ECK120011345
1216,EC12R0000991,ECK120011235
1217,EC12R0000991,ECK125160661
1218,EC12R0000993,ECK120011412
1219,EC12R0000995,ECK120011235
1220,EC12R0000995,ECK120012770
1221,EC12R0000997,ECK120035002
1222,EC12R0000999,ECK125165914
1223,EC12R0001001,ECK120011294
1224,EC12R0001001,ECK120013164
1225,EC12R0001003,ECK120011294
1226,EC12R0001003,ECK120013164
1227,EC12R0001003,ECK120011328
1228,EC12R0001003,ECK120012253
1229,EC12R0001005,ECK125257188
1230,EC12R0001007,ECK120011345
1231,EC12R0001007,ECK120034476
1232,EC12R0001011,ECK120035042
1233,EC12R0001011,ECK120033905
1234,EC12R0001013,ECK120011235
1235,EC12R0001013,ECK120011210
1236,EC12R0001015,ECK120011186
1237,EC12R0001015,ECK120034571
1238,EC12R0001015,ECK120011383
1239,EC12R0001015,ECK120011294
1240,EC12R0001018,ECK120012770
1241,EC12R0001018,ECK120011908
1242,EC12R0001020,ECK120048826
1243,EC12R0001022,ECK120011235
1244,EC12R0001022,ECK120048826
1245,EC12R0001024,ECK120011465
1246,EC12R0001024,ECK120011458
1247,EC12R0001024,ECK120011856
1248,EC12R0001024,ECK120011492
1249,EC12R0001024,ECK120011294
1250,EC12R0001026,ECK125228870
1251,EC12R0001028,ECK125135147
1252,EC12R0001028,ECK125257203
1253,EC12R0001030,ECK120011458
1254,EC12R0001030,ECK120011345
1255,EC12R0001030,ECK120012313
1256,EC12R0001032,ECK125257188
1257,EC12R0001032,ECK120012770
1258,EC12R0001034,ECK120011345
1259,EC12R0001034,ECK125160661
1260,EC12R0001034,ECK120011229
1261,EC12R0001037,ECK120011186
1262,EC12R0001037,ECK120011502
1263,EC12R0001039,ECK120020634
1264,EC12R0001041,ECK120051460
1265,EC12R0001043,ECK120011312
1266,EC12R0001043,ECK120011345
1267,EC12R0001043,ECK120011229
1268,EC12R0001045,ECK120034476
1269,EC12R0001047,ECK120011235
1270,EC12R0001047,ECK120034476
1271,EC12R0001047,ECK120011229
1272,EC12R0001047,ECK120011502
1273,EC12R0001049,ECK120011235
1274,EC12R0001049,ECK120011345
1275,EC12R0001049,ECK120034476
1276,EC12R0001049,ECK120011502
1277,EC12R0001049,ECK120011229
1278,EC12R0001051,ECK120034977
1279,EC12R0001051,ECK120011502
1280,EC12R0001053,ECK125141911
1281,EC12R0001057,ECK120051451
1282,EC12R0001059,ECK120051438
1283,EC12R0001061,ECK120011235
1284,EC12R0001061,ECK120011294
1285,EC12R0001061,ECK120013164
1286,EC12R0001061,ECK120012253
1287,EC12R0001063,ECK125110189
1288,EC12R0001065,ECK120011345
1289,EC12R0001065,ECK120011235
1290,EC12R0001065,ECK120011824
1291,EC12R0001065,ECK120026325
1292,EC12R0001067,ECK125134665
1293,EC12R0001069,ECK125141939
1294,EC12R0001071,ECK125257187
1295,EC12R0001071,ECK125134855
1296,EC12R0001073,ECK120011235
1297,EC12R0001073,ECK120012141
1298,EC12R0001075,ECK125257204
1299,EC12R0001075,ECK120011294
1300,EC12R0001078,ECK120011235
1301,EC12R0001078,ECK125141239
1302,EC12R0001080,ECK125145855
1303,EC12R0001082,ECK125158217
1304,EC12R0001085,ECK125162247
1305,EC12R0001088,ECK120051441
1306,EC12R0001090,ECK120012316
1307,EC12R0001090,ECK120011908
1308,EC12R0001093,ECK120013229
1309,EC12R0001095,ECK125257204
1310,EC12R0001095,ECK120011306
1311,EC12R0001097,ECK120012559
1312,EC12R0001099,ECK125257187
1313,EC12R0001099,ECK125257190
1314,EC12R0001101,ECK125257190
1315,EC12R0001103,ECK125242732
1316,EC12R0001103,ECK125257189
1317,EC12R0001105,ECK120011294
1318,EC12R0001105,ECK120013164
1319,EC12R0001105,ECK125257193
1320,EC12R0001105,ECK120034571
1321,EC12R0001107,ECK125145850
1322,EC12R0001107,ECK120011235
1323,EC12R0001109,ECK125158264
1324,EC12R0001111,ECK120012277
1325,EC12R0001113,ECK120011235
1326,EC12R0001113,ECK120011265
1327,EC12R0001113,ECK120016814
1328,EC12R0001113,ECK120011306
1329,EC12R0001113,ECK120012277
1330,EC12R0001115,ECK120011235
1331,EC12R0001115,ECK120016814
1332,EC12R0001115,ECK120026337
1333,EC12R0001117,ECK120026337
1334,EC12R0001119,ECK125257193
1335,EC12R0001121,ECK120011235
1336,EC12R0001121,ECK125257193
1337,EC12R0001124,ECK125228822
1338,EC12R0001126,ECK125228843
1339,EC12R0001129,ECK125230705
1340,EC12R0001131,ECK120011235
1341,EC12R0001131,ECK125257192
1342,EC12R0001131,ECK125108627
1343,EC12R0001131,ECK120011324
